{"description":"Data definition asset type","fields":[{"key":"data_asset","type":"object","facet":false,"is_array":false,"is_searchable_across_types":false}],"relationships":[],"localized_metadata_attributes":{"name":{"default":"Data definition","en":"Data definition","de":"Datendefinition","es":"Definición de datos","fr":"Définition de données","it":"Definizione dati","ja":"データ定義","ko":"데이터 정의","pt":"Definição de dados","ru":"Определение данных","sv":"Datadefinition","zh":"数据定义","zh_TW":"資料定義"}},"global_search_searchable":[],"attribute_only":false,"is_column_custom_attribute":false,"version":1,"name":"data_definition","scope":"GLOBAL","allow_decorators":true}