{"description":"Data lineage asset type","fields":[],"relationships":[],"localized_metadata_attributes":{"name":{"default":"Data lineage","en":"Data lineage","de":"Datenabstammung","es":"Linaje de datos","fr":"Lignage de données","it":"Derivazione dati","ja":"データ・リネージュ","ko":"데이터 계보","pt":"Linhagem de dados","ru":"Происхождение данных","sv":"Datahärkomst","zh":"数据沿袭","zh_TW":"資料世系"}},"global_search_searchable":[],"attribute_only":false,"is_column_custom_attribute":false,"version":1,"name":"data_lineage","scope":"GLOBAL","allow_decorators":false}