{"description":"Environment specification, which envelops software and hardware specifications.","fields":[{"key":"software_specification_guid","type":"string","facet":false,"is_array":false,"search_path":"asset.software_specification.guid","is_searchable_across_types":true},{"key":"hardware_specification_guid","type":"string","facet":false,"is_array":false,"search_path":"asset.hardware_specification.guid","is_searchable_across_types":true}],"relationships":[],"localized_metadata_attributes":{"name":{"default":"Environment","en":"Environment"}},"global_search_searchable":[],"attribute_only":false,"is_column_custom_attribute":false,"version":1,"name":"environment","scope":"GLOBAL","allow_decorators":true}