{"description":"Attribute of a logical data model entity","fields":[],"relationships":[],"properties":{"primary_key":{"type":"bool","description":"Whether the attribute is part of the PK defined for the owning entity","validated":false,"label":{"default":"Primary Key","en":"Primary Key"}},"data_domain":{"type":"string","description":"A database column data type or a user-defined data type","validated":false},"required":{"type":"bool","description":"Information about whether the attribute is optional vs mandatory","validated":false},"default_value":{"type":"string","description":"A value that the column based on this attribute is automatically prepopulated when a new record is inserted","validated":false,"label":{"default":"Default Value","en":"Default Value"}},"derived":{"type":"bool","description":"Information about whether the value for column based on this attribute is calculated from other columns or not","validated":false},"persistent":{"type":"bool","description":"Information about whether the LDM attribute is intended to be persisted when transformed to column or is meant to be only in logical model","validated":false},"surrogate_key":{"type":"bool","description":"Information about whether the LDM attribute is intended to be persisted when transformed to column or is meant to be only in logical model","validated":false,"label":{"default":"Surrogate Key","en":"Surrogate Key"}},"sequence_number":{"type":"integer","description":"The ordinal number of attribute within the entity","validated":false,"label":{"default":"Sequence Number","en":"Sequence Number"}},"notes":{"type":"string","validated":false}},"localized_metadata_attributes":{"name":{"default":"Logical model attribute","en":"Logical model attribute","de":"Attribut des logischen Modells","es":"Atributo de modelo lógico","fr":"Attribut du modèle logique","it":"Attributo del modello logico","ja":"論理モデル属性","ko":"논리 모델 속성","pt":"Atributo do modelo lógico","ru":"Атрибут логической модели","sv":"Logisk modellattribut","zh":"逻辑模型属性","zh_TW":"邏輯模型屬性"}},"global_search_searchable":[],"attribute_only":false,"is_column_custom_attribute":false,"version":1,"name":"ibm_logical_model_attribute","scope":"GLOBAL","allow_decorators":true}