[{"metadata":{"asset_id":"9c52c841-da0a-419c-b724-0be84fcc9fbb","asset_type":"data_intg_subflow","catalog_id":"4008529a-4a7e-4cda-89b8-bf6aeb8df855","create_time":"2022-05-05T00:27:09.000Z","creator_id":"IBMid-1200009BFB","name":"TEST","origin_country":"us","size":19587,"project_id":"7e5b30d5-a302-4bbf-8d09-82b7aead555d","resource_key":"7e5b30d5-a302-4bbf-8d09-82b7aead555d/data_intg_subflow/TEST","description":"","usage":{"last_access_time":"2022-05-05T00:27:11.509Z","last_accessor_id":"IBMid-1200009BFB","access_count":0}},"entity":{"data_intg_subflow":{"mime_type":"application/json","dataset":false}},"attachments":[{"test_doc":0,"object_key":"data_intg_subflow/7e5b30d5-a302-4bbf-8d09-82b7aead555d9c52c841-da0a-419c-b724-0be84fcc9fbb","create_time":1651710431509,"complete_time_ticks":1651710431509,"mime":"application/json","usage":{"access_count":0,"last_accessor_id":"IBMid-1200009BFB","last_access_time":1651710431509},"is_remote":false,"handle":{"bucket":"datastageaastransformationflow-donotdelete-pr-87k3gc4rzfaanp","max_part_num":1,"upload_id":"done","location":"us-geo","key":"data_intg_subflow/7e5b30d5-a302-4bbf-8d09-82b7aead555d9c52c841-da0a-419c-b724-0be84fcc9fbb"},"is_user_provided_path_key":true,"user_data":{},"version":2,"size":19587,"is_partitioned":false,"datasource_type":"193a97c1-4475-4a19-b90c-295c4fdc6517","transfer_complete":true,"asset_type":"data_intg_subflow","name":"data_intg_subflows","creator_id":"IBMid-1200009BFB","id":"f6dfe5ad-f280-4f2d-884e-bc20d59ac195","is_referenced":true,"is_managed":false,"is_object_key_read_only":false}]}]
