[{"metadata":{"asset_id":"f59410d4-df16-4e1f-ae73-5b58032d557f","asset_type":"data_intg_subflow","catalog_id":"4008529a-4a7e-4cda-89b8-bf6aeb8df855","create_time":"2022-05-05T17:17:20.000Z","creator_id":"IBMid-1200008SY4","name":"Filter and Sort Customer Data","origin_country":"us","size":19612,"project_id":"7e5b30d5-a302-4bbf-8d09-82b7aead555d","resource_key":"7e5b30d5-a302-4bbf-8d09-82b7aead555d/data_intg_subflow/Filter and Sort Customer Data","description":"","usage":{"last_access_time":"2022-05-05T17:17:22.136Z","last_accessor_id":"IBMid-1200008SY4","access_count":0}},"entity":{"data_intg_subflow":{"mime_type":"application/json","dataset":false}},"attachments":[{"test_doc":0,"object_key":"data_intg_subflow/7e5b30d5-a302-4bbf-8d09-82b7aead555df59410d4-df16-4e1f-ae73-5b58032d557f","create_time":1651771042135,"complete_time_ticks":1651771042135,"mime":"application/json","usage":{"access_count":0,"last_accessor_id":"IBMid-1200008SY4","last_access_time":1651771042135},"is_remote":false,"handle":{"bucket":"datastageaastransformationflow-donotdelete-pr-87k3gc4rzfaanp","max_part_num":1,"upload_id":"done","location":"us-geo","key":"data_intg_subflow/7e5b30d5-a302-4bbf-8d09-82b7aead555df59410d4-df16-4e1f-ae73-5b58032d557f"},"is_user_provided_path_key":true,"user_data":{},"version":2,"size":19612,"is_partitioned":false,"datasource_type":"193a97c1-4475-4a19-b90c-295c4fdc6517","transfer_complete":true,"asset_type":"data_intg_subflow","name":"data_intg_subflows","creator_id":"IBMid-1200008SY4","id":"53999726-dcf4-4c66-98e7-d624c3e072c1","is_referenced":true,"is_managed":false,"is_object_key_read_only":false}]}]
