[{"metadata":{"asset_id":"ba57a82c-1a8f-4c1e-a1f4-17e18e24493d","asset_type":"data_intg_flow","catalog_id":"4008529a-4a7e-4cda-89b8-bf6aeb8df855","create_time":"2022-05-04T16:41:34.000Z","creator_id":"IBMid-1200009BFB","name":"Flow-For-Sequential-Files-With-Parameters","origin_country":"us","size":24225,"project_id":"7e5b30d5-a302-4bbf-8d09-82b7aead555d","resource_key":"7e5b30d5-a302-4bbf-8d09-82b7aead555d/data_intg_flow/Flow-For-Sequential-Files-With-Parameters","description":"","usage":{"last_access_time":"2022-05-04T17:44:20.728Z","last_accessor_id":"IBMid-1200009BFB","access_count":0}},"entity":{"data_intg_flow":{"mime_type":"application/json","dataset":false}},"attachments":[{"test_doc":0,"object_key":"data_intg_flow/7e5b30d5-a302-4bbf-8d09-82b7aead555dba57a82c-1a8f-4c1e-a1f4-17e18e24493dpx_executables","create_time":1651685322522,"complete_time_ticks":1651685322522,"mime":"application/octet-stream","usage":{"access_count":0,"last_accessor_id":"IBMid-1200009BFB","last_access_time":1651685322522},"is_remote":false,"handle":{"bucket":"datastageaastransformationflow-donotdelete-pr-87k3gc4rzfaanp","max_part_num":1,"upload_id":"done","location":"us-geo","key":"data_intg_flow/7e5b30d5-a302-4bbf-8d09-82b7aead555dba57a82c-1a8f-4c1e-a1f4-17e18e24493dpx_executables"},"is_user_provided_path_key":true,"user_data":{},"version":2,"size":1254,"is_partitioned":false,"datasource_type":"193a97c1-4475-4a19-b90c-295c4fdc6517","transfer_complete":true,"asset_type":"data_intg_flow","name":"px_executables","creator_id":"IBMid-1200009BFB","id":"020905f7-a859-4cde-83b5-404ff777143e","is_referenced":true,"is_managed":false,"is_object_key_read_only":false},{"test_doc":0,"object_key":"data_intg_flow/7e5b30d5-a302-4bbf-8d09-82b7aead555dba57a82c-1a8f-4c1e-a1f4-17e18e24493d","create_time":1651686260728,"complete_time_ticks":1651686260728,"mime":"application/json","usage":{"access_count":0,"last_accessor_id":"IBMid-1200009BFB","last_access_time":1651686260728},"is_remote":false,"handle":{"bucket":"datastageaastransformationflow-donotdelete-pr-87k3gc4rzfaanp","max_part_num":1,"upload_id":"done","location":"us-geo","key":"data_intg_flow/7e5b30d5-a302-4bbf-8d09-82b7aead555dba57a82c-1a8f-4c1e-a1f4-17e18e24493d"},"is_user_provided_path_key":true,"user_data":{},"version":2,"size":22971,"is_partitioned":false,"datasource_type":"193a97c1-4475-4a19-b90c-295c4fdc6517","transfer_complete":true,"asset_type":"data_intg_flow","name":"data_intg_flows","creator_id":"IBMid-1200009BFB","id":"d2c5dbe1-5883-4d89-a9df-115a73100e69","is_referenced":true,"is_managed":false,"is_object_key_read_only":false}]}]
