{"metadata":{"asset_id":"8a111b25-9910-4f7d-8d04-9c3086adf85e","asset_attributes":["data_asset"],"name":"DataStage_files_CustomersSource.csv","asset_type":"data_asset","created_at":"2021-11-03T17:16:16Z","description":"","origin_country":"us","owner_id":"IBMid-1200008SY4","project_id":"7e5b30d5-a302-4bbf-8d09-82b7aead555d","size":15224,"tags":[],"usage":{"last_update_time":1635959777784,"last_updated_at":"2021-11-03T17:16:17Z"}},"entity":{"data_asset":{"mime_type":"text/csv","dataset":false}},"attachments":[{"id":"b0c0ffcb-3d88-4698-b2a4-c6f82836d78f","version":2,"asset_type":"data_asset","name":"DataStage/files/CustomersSource.csv","mime":"text/csv","datasource_type":"193a97c1-4475-4a19-b90c-295c4fdc6517","object_key":"DataStage/files/CustomersSource.csv","creator_id":"IBMid-1200008SY4","create_time":1635959777783,"size":15224,"is_remote":false,"is_managed":false,"is_referenced":true,"is_object_key_read_only":true,"is_user_provided_path_key":true,"transfer_complete":true,"is_partitioned":false,"complete_time_ticks":1635959777783,"user_data":{},"test_doc":0,"handle":{"bucket":"datastageaastransformationflow-donotdelete-pr-87k3gc4rzfaanp","location":"us-geo","key":"DataStage/files/CustomersSource.csv","upload_id":"done","max_part_num":1},"usage":{"access_count":0,"last_accessor_id":"IBMid-1200008SY4","last_access_time":1635959777783}}]}
