{"metadata":{"asset_id":"f7cf10ae-7089-4b8b-ab26-00ae0127443f","asset_attributes":["data_asset"],"name":"Customers filtered","asset_type":"data_asset","created_at":"2021-11-01T23:06:35Z","description":"This data asset is automatically created by DataStage flow Transformation Flow target node Customer_Filtered_Table path  /DLF41908/CURRENTCUSTOMERS1","origin_country":"none","owner_id":"IBMid-1200008SY4","project_id":"7e5b30d5-a302-4bbf-8d09-82b7aead555d","size":0,"tags":["connected-data"],"usage":{"last_update_time":1635807995062,"last_updated_at":"2021-11-01T23:06:35Z"}},"entity":{"data_asset":{"dataset":true,"mime_type":"application/octet-stream"}},"attachments":[{"id":"f6446112-ac50-4f97-b252-0a17d6caff9e","version":2,"asset_type":"data_asset","description":"the attachment is created from ds-canvas","connection_id":"fb17de5b-6ce3-4e87-80f9-afbfecf98e4c","connection_path":"/DLF41908/CURRENTCUSTOMERS1","datasource_type":"8c1a4480-1c29-4b33-9086-9cb799d7b157","creator_id":"IBMid-1200008SY4","create_time":1635807995077,"size":0,"is_remote":true,"is_managed":false,"is_referenced":false,"is_object_key_read_only":false,"is_user_provided_path_key":true,"transfer_complete":true,"is_partitioned":false,"complete_time_ticks":1635807995077,"user_data":{},"test_doc":0,"usage":{"access_count":0,"last_accessor_id":"IBMid-1200008SY4","last_access_time":1635807995077}}]}
