{"metadata":{"asset_id":"570fd2ab-59e9-41bb-b2cc-990c66d2b1fc","asset_type":"data_definition","create_time":"2021-11-04T18:09:44.000Z","creator_id":"IBMid-1200008SY4","href":"https://api.dataplatform.cloud.ibm.com/v2/assets/570fd2ab-59e9-41bb-b2cc-990c66d2b1fc?project_id=7e5b30d5-a302-4bbf-8d09-82b7aead555d","name":"Customer_Source","description":"","project_id":"7e5b30d5-a302-4bbf-8d09-82b7aead555d","usage":{"last_modification_time":"2021-11-04T18:09:44.515Z","last_modifier_id":"IBMid-1200008SY4","last_access_time":"2021-11-04T18:09:44.515Z","last_accessor_id":"IBMid-1200008SY4","access_count":0}},"entity":{"data_asset":{"mime_type":"application/octet-stream","dataset":true,"columns":[{"name":"CUST_ID","type":{"nullable":true,"length":5,"scale":0,"signed":true,"type":"SMALLINT"},"properties":{"sqltype":1,"key_position":1,"field_pos":1,"extended_precision":0,"tagged_subrec":0,"ds_data_type":"WSMQ.QUEUENAME","description":" ","occurs":0,"occurs_varying":0,"primary_key":false,"level_no":0,"extended":"","ds_sync_indicator":0,"pad_char":"","data_element":"null","ds_scd_purpose":0,"sign_option":0,"display_size":0}},{"name":"CUSTNAME","type":{"nullable":true,"length":20,"scale":0,"signed":false,"type":"VARCHAR"},"properties":{"sqltype":1,"key_position":1,"field_pos":1,"extended_precision":0,"tagged_subrec":0,"ds_data_type":"WSMQ.QUEUENAME","description":" ","occurs":0,"occurs_varying":0,"primary_key":false,"level_no":0,"extended":"","ds_sync_indicator":0,"pad_char":"","data_element":"null","ds_scd_purpose":0,"sign_option":0,"display_size":0}},{"name":"CITY","type":{"nullable":true,"length":19,"scale":0,"signed":false,"type":"VARCHAR"},"properties":{"sqltype":1,"key_position":1,"field_pos":1,"extended_precision":0,"tagged_subrec":0,"ds_data_type":"WSMQ.QUEUENAME","description":" ","occurs":0,"occurs_varying":0,"primary_key":false,"level_no":0,"extended":"","ds_sync_indicator":0,"pad_char":"","data_element":"null","ds_scd_purpose":0,"sign_option":0,"display_size":0}},{"name":"STATE","type":{"nullable":true,"length":3,"scale":0,"signed":false,"type":"VARCHAR"},"properties":{"sqltype":1,"key_position":1,"field_pos":1,"extended_precision":0,"tagged_subrec":0,"ds_data_type":"WSMQ.QUEUENAME","description":" ","occurs":0,"occurs_varying":0,"primary_key":false,"level_no":0,"extended":"","ds_sync_indicator":0,"pad_char":"","data_element":"null","ds_scd_purpose":0,"sign_option":0,"display_size":0}},{"name":"COUNTRY_CODE","type":{"nullable":true,"length":2,"scale":0,"signed":false,"type":"VARCHAR"},"properties":{"sqltype":1,"key_position":1,"field_pos":1,"extended_precision":0,"tagged_subrec":0,"ds_data_type":"WSMQ.QUEUENAME","description":" ","occurs":0,"occurs_varying":0,"primary_key":false,"level_no":0,"extended":"","ds_sync_indicator":0,"pad_char":"","data_element":"null","ds_scd_purpose":0,"sign_option":0,"display_size":0}},{"name":"POSTAL_CODE","type":{"nullable":true,"length":8,"scale":0,"signed":false,"type":"VARCHAR"},"properties":{"sqltype":1,"key_position":1,"field_pos":1,"extended_precision":0,"tagged_subrec":0,"ds_data_type":"WSMQ.QUEUENAME","description":" ","occurs":0,"occurs_varying":0,"primary_key":false,"level_no":0,"extended":"","ds_sync_indicator":0,"pad_char":"","data_element":"null","ds_scd_purpose":0,"sign_option":0,"display_size":0}},{"name":"EMAIL_ADDRESS","type":{"nullable":true,"length":37,"scale":0,"signed":false,"type":"VARCHAR"},"properties":{"sqltype":1,"key_position":1,"field_pos":1,"extended_precision":0,"tagged_subrec":0,"ds_data_type":"WSMQ.QUEUENAME","description":" ","occurs":0,"occurs_varying":0,"primary_key":false,"level_no":0,"extended":"","ds_sync_indicator":0,"pad_char":"","data_element":"null","ds_scd_purpose":0,"sign_option":0,"display_size":0}},{"name":"PHONE_NUMBER","type":{"nullable":true,"length":12,"scale":0,"signed":false,"type":"VARCHAR"},"properties":{"sqltype":1,"key_position":1,"field_pos":1,"extended_precision":0,"tagged_subrec":0,"ds_data_type":"WSMQ.QUEUENAME","description":" ","occurs":0,"occurs_varying":0,"primary_key":false,"level_no":0,"extended":"","ds_sync_indicator":0,"pad_char":"","data_element":"null","ds_scd_purpose":0,"sign_option":0,"display_size":0}},{"name":"YTD_SALES","type":{"nullable":true,"length":8,"scale":2,"signed":true,"type":"DECIMAL"},"properties":{"sqltype":1,"key_position":1,"field_pos":1,"extended_precision":0,"tagged_subrec":0,"ds_data_type":"WSMQ.QUEUENAME","description":" ","occurs":0,"occurs_varying":0,"primary_key":false,"level_no":0,"extended":"","ds_sync_indicator":0,"pad_char":"","data_element":"null","ds_scd_purpose":0,"sign_option":0,"display_size":0}},{"name":"SALESREP_ID","type":{"nullable":true,"length":5,"scale":0,"signed":false,"type":"VARCHAR"},"properties":{"sqltype":1,"key_position":1,"field_pos":1,"extended_precision":0,"tagged_subrec":0,"ds_data_type":"WSMQ.QUEUENAME","description":" ","occurs":0,"occurs_varying":0,"primary_key":false,"level_no":0,"extended":"","ds_sync_indicator":0,"pad_char":"","data_element":"null","ds_scd_purpose":0,"sign_option":0,"display_size":0}},{"name":"NATIONALITY","type":{"nullable":true,"length":4,"scale":0,"signed":false,"type":"VARCHAR"},"properties":{"sqltype":1,"key_position":1,"field_pos":1,"extended_precision":0,"tagged_subrec":0,"ds_data_type":"WSMQ.QUEUENAME","description":" ","occurs":0,"occurs_varying":0,"primary_key":false,"level_no":0,"extended":"","ds_sync_indicator":0,"pad_char":"","data_element":"null","ds_scd_purpose":0,"sign_option":0,"display_size":0}},{"name":"NATIONAL_ID","type":{"nullable":true,"length":11,"scale":0,"signed":false,"type":"VARCHAR"},"properties":{"sqltype":1,"key_position":1,"field_pos":1,"extended_precision":0,"tagged_subrec":0,"ds_data_type":"WSMQ.QUEUENAME","description":" ","occurs":0,"occurs_varying":0,"primary_key":false,"level_no":0,"extended":"","ds_sync_indicator":0,"pad_char":"","data_element":"null","ds_scd_purpose":0,"sign_option":0,"display_size":0}},{"name":"CREDITCARD_NUMBER","type":{"nullable":true,"length":19,"scale":0,"signed":true,"type":"BIGINT"},"properties":{"sqltype":1,"key_position":1,"field_pos":1,"extended_precision":0,"tagged_subrec":0,"ds_data_type":"WSMQ.QUEUENAME","description":" ","occurs":0,"occurs_varying":0,"primary_key":false,"level_no":0,"extended":"","ds_sync_indicator":0,"pad_char":"","data_element":"null","ds_scd_purpose":0,"sign_option":0,"display_size":0}},{"name":"CREDITCARD_TYPE","type":{"nullable":true,"length":16,"scale":0,"signed":false,"type":"VARCHAR"},"properties":{"sqltype":1,"key_position":1,"field_pos":1,"extended_precision":0,"tagged_subrec":0,"ds_data_type":"WSMQ.QUEUENAME","description":" ","occurs":0,"occurs_varying":0,"primary_key":false,"level_no":0,"extended":"","ds_sync_indicator":0,"pad_char":"","data_element":"null","ds_scd_purpose":0,"sign_option":0,"display_size":0}},{"name":"CREDITCARD_EXP","type":{"nullable":true,"length":5,"scale":0,"signed":false,"type":"VARCHAR"},"properties":{"sqltype":1,"key_position":1,"field_pos":1,"extended_precision":0,"tagged_subrec":0,"ds_data_type":"WSMQ.QUEUENAME","description":" ","occurs":0,"occurs_varying":0,"primary_key":false,"level_no":0,"extended":"","ds_sync_indicator":0,"pad_char":"","data_element":"null","ds_scd_purpose":0,"sign_option":0,"display_size":0}},{"name":"CREDITCARD_CVV","type":{"nullable":true,"length":5,"scale":0,"signed":true,"type":"SMALLINT"},"properties":{"sqltype":1,"key_position":1,"field_pos":1,"extended_precision":0,"tagged_subrec":0,"ds_data_type":"WSMQ.QUEUENAME","description":" ","occurs":0,"occurs_varying":0,"primary_key":false,"level_no":0,"extended":"","ds_sync_indicator":0,"pad_char":"","data_element":"null","ds_scd_purpose":0,"sign_option":0,"display_size":0}}],"additionalProperties":{}},"column_info":{},"data_definition":{},"ds_info":{}}}
