[{"metadata":{"asset_id":"08eb8b15-2835-49a4-a5ca-f30b21e4049a","asset_type":"data_intg_flow","catalog_id":"4008529a-4a7e-4cda-89b8-bf6aeb8df855","create_time":"2022-05-04T21:38:40.000Z","creator_id":"IBMid-1200008SY4","name":"Subflow Test","origin_country":"us","size":474,"project_id":"7e5b30d5-a302-4bbf-8d09-82b7aead555d","resource_key":"7e5b30d5-a302-4bbf-8d09-82b7aead555d/data_intg_flow/Subflow Test","description":"","usage":{"last_access_time":"2022-05-04T21:38:42.194Z","last_accessor_id":"IBMid-1200008SY4","access_count":0}},"entity":{"data_intg_flow":{"mime_type":"application/json","dataset":false}},"attachments":[{"test_doc":0,"object_key":"data_intg_flow/7e5b30d5-a302-4bbf-8d09-82b7aead555d08eb8b15-2835-49a4-a5ca-f30b21e4049a","create_time":1651700322194,"complete_time_ticks":1651700322194,"mime":"application/json","usage":{"access_count":0,"last_accessor_id":"IBMid-1200008SY4","last_access_time":1651700322194},"is_remote":false,"handle":{"bucket":"datastageaastransformationflow-donotdelete-pr-87k3gc4rzfaanp","max_part_num":1,"upload_id":"done","location":"us-geo","key":"data_intg_flow/7e5b30d5-a302-4bbf-8d09-82b7aead555d08eb8b15-2835-49a4-a5ca-f30b21e4049a"},"is_user_provided_path_key":true,"user_data":{},"version":2,"size":474,"is_partitioned":false,"datasource_type":"193a97c1-4475-4a19-b90c-295c4fdc6517","transfer_complete":true,"asset_type":"data_intg_flow","name":"data_intg_flows","creator_id":"IBMid-1200008SY4","id":"a59f92d7-eece-4661-a121-a76b8be9065c","is_referenced":true,"is_managed":false,"is_object_key_read_only":false}]}]
