[{"metadata":{"asset_id":"0dcf2ddb-aa13-4be4-af08-0374d7f5f68e","asset_type":"data_intg_flow","catalog_id":"4008529a-4a7e-4cda-89b8-bf6aeb8df855","create_time":"2021-11-04T19:19:26.000Z","creator_id":"IBMid-1200008SY4","name":"roeGen","origin_country":"us","size":2965,"project_id":"7e5b30d5-a302-4bbf-8d09-82b7aead555d","resource_key":"7e5b30d5-a302-4bbf-8d09-82b7aead555d/data_intg_flow/roeGen","description":"","tags":[],"usage":{"last_access_time":"2021-11-04T19:21:00.079Z","last_accessor_id":"IBMid-1200008SY4","access_count":0}},"entity":{"data_intg_flow":{"mime_type":"application/json","dataset":false}},"attachments":[{"test_doc":0,"object_key":"data_intg_flow/7e5b30d5-a302-4bbf-8d09-82b7aead555d0dcf2ddb-aa13-4be4-af08-0374d7f5f68e","create_time":1636053660078,"complete_time_ticks":1636053660078,"mime":"application/json","usage":{"access_count":0,"last_accessor_id":"IBMid-1200008SY4","last_access_time":1636053660078},"is_remote":false,"handle":{"bucket":"datastageaastransformationflow-donotdelete-pr-87k3gc4rzfaanp","max_part_num":1,"upload_id":"done","location":"us-geo","key":"data_intg_flow/7e5b30d5-a302-4bbf-8d09-82b7aead555d0dcf2ddb-aa13-4be4-af08-0374d7f5f68e"},"is_user_provided_path_key":true,"user_data":{},"version":2,"size":2965,"is_partitioned":false,"datasource_type":"193a97c1-4475-4a19-b90c-295c4fdc6517","transfer_complete":true,"asset_type":"data_intg_flow","name":"data_intg_flows","creator_id":"IBMid-1200008SY4","id":"23221c6c-1093-49ea-8688-4f4d4cc50726","is_referenced":true,"is_managed":false,"is_object_key_read_only":false}]}]
