[{"metadata":{"asset_id":"aa68edf5-12cb-4c67-97d0-7d6293545c66","asset_type":"data_intg_flow","catalog_id":"4008529a-4a7e-4cda-89b8-bf6aeb8df855","create_time":"2022-05-04T16:39:44.000Z","creator_id":"IBMid-1200009BFB","name":"Flow-For-DB2-with-ParameterSet","origin_country":"us","size":25109,"project_id":"7e5b30d5-a302-4bbf-8d09-82b7aead555d","resource_key":"7e5b30d5-a302-4bbf-8d09-82b7aead555d/data_intg_flow/Flow-For-DB2-with-ParameterSet","description":"","usage":{"last_access_time":"2022-05-06T16:49:36.842Z","last_accessor_id":"IBMid-1200009BFB","access_count":0}},"entity":{"data_intg_flow":{"mime_type":"application/json","dataset":false}},"attachments":[{"test_doc":0,"object_key":"data_intg_flow/7e5b30d5-a302-4bbf-8d09-82b7aead555daa68edf5-12cb-4c67-97d0-7d6293545c66","create_time":1651855766410,"complete_time_ticks":1651855766410,"mime":"application/json","usage":{"access_count":0,"last_accessor_id":"IBMid-1200009BFB","last_access_time":1651855766410},"is_remote":false,"handle":{"bucket":"datastageaastransformationflow-donotdelete-pr-87k3gc4rzfaanp","max_part_num":1,"upload_id":"done","location":"us-geo","key":"data_intg_flow/7e5b30d5-a302-4bbf-8d09-82b7aead555daa68edf5-12cb-4c67-97d0-7d6293545c66"},"is_user_provided_path_key":true,"user_data":{},"version":2,"size":21517,"is_partitioned":false,"datasource_type":"193a97c1-4475-4a19-b90c-295c4fdc6517","transfer_complete":true,"asset_type":"data_intg_flow","name":"data_intg_flows","creator_id":"IBMid-1200009BFB","id":"63c2b1fb-74e4-44a9-8cc5-31b6de496159","is_referenced":true,"is_managed":false,"is_object_key_read_only":false},{"test_doc":0,"object_key":"data_intg_flow/7e5b30d5-a302-4bbf-8d09-82b7aead555daa68edf5-12cb-4c67-97d0-7d6293545c66px_executables","create_time":1651855776842,"complete_time_ticks":1651855776842,"mime":"application/octet-stream","usage":{"access_count":0,"last_accessor_id":"IBMid-1200009BFB","last_access_time":1651855776842},"is_remote":false,"handle":{"bucket":"datastageaastransformationflow-donotdelete-pr-87k3gc4rzfaanp","max_part_num":1,"upload_id":"done","location":"us-geo","key":"data_intg_flow/7e5b30d5-a302-4bbf-8d09-82b7aead555daa68edf5-12cb-4c67-97d0-7d6293545c66px_executables"},"is_user_provided_path_key":true,"user_data":{},"version":2,"size":3592,"is_partitioned":false,"datasource_type":"193a97c1-4475-4a19-b90c-295c4fdc6517","transfer_complete":true,"asset_type":"data_intg_flow","name":"px_executables","creator_id":"IBMid-1200009BFB","id":"80b220a7-1a66-4a02-a513-1ad76272acf5","is_referenced":true,"is_managed":false,"is_object_key_read_only":false}]}]
