{"metadata":{"asset_id":"9421aeb4-01f5-49f1-99ac-971c17a7f0e5","asset_type":"data_definition","create_time":"2022-05-03T23:48:05.000Z","creator_id":"IBMid-1200008SY4","href":"https://api.dataplatform.cloud.ibm.com/v2/assets/9421aeb4-01f5-49f1-99ac-971c17a7f0e5?project_id=7e5b30d5-a302-4bbf-8d09-82b7aead555d","name":"Data Definition Test","description":"","project_id":"7e5b30d5-a302-4bbf-8d09-82b7aead555d","usage":{"last_modification_time":"2022-05-03T23:48:06.712Z","last_modifier_id":"IBMid-1200008SY4","last_access_time":"2022-05-03T23:48:06.712Z","last_accessor_id":"IBMid-1200008SY4","access_count":0}},"entity":{"data_asset":{"mime_type":"application/json","dataset":true,"columns":[],"additionalProperties":{}},"column_info":{},"data_definition":{},"ds_info":{}}}
