[{"metadata":{"asset_id":"46471539-5057-49f7-80e1-6100523e7e4a","asset_type":"data_intg_flow","catalog_id":"4008529a-4a7e-4cda-89b8-bf6aeb8df855","create_time":"2022-05-06T19:24:39.000Z","creator_id":"IBMid-1200008SY4","name":"Flow-For-DB2_withParameterSet_Test","origin_country":"us","size":25136,"project_id":"7e5b30d5-a302-4bbf-8d09-82b7aead555d","resource_key":"7e5b30d5-a302-4bbf-8d09-82b7aead555d/data_intg_flow/Flow-For-DB2_withParameterSet_Test","description":"","usage":{"last_access_time":"2022-05-06T19:28:53.464Z","last_accessor_id":"IBMid-1200008SY4","access_count":0}},"entity":{"data_intg_flow":{"mime_type":"application/json","dataset":false}},"attachments":[{"test_doc":0,"object_key":"data_intg_flow/7e5b30d5-a302-4bbf-8d09-82b7aead555d46471539-5057-49f7-80e1-6100523e7e4a","create_time":1651865314115,"complete_time_ticks":1651865314115,"mime":"application/json","usage":{"access_count":0,"last_accessor_id":"IBMid-1200008SY4","last_access_time":1651865314115},"is_remote":false,"handle":{"bucket":"datastageaastransformationflow-donotdelete-pr-87k3gc4rzfaanp","max_part_num":1,"upload_id":"done","location":"us-geo","key":"data_intg_flow/7e5b30d5-a302-4bbf-8d09-82b7aead555d46471539-5057-49f7-80e1-6100523e7e4a"},"is_user_provided_path_key":true,"user_data":{},"version":2,"size":21538,"is_partitioned":false,"datasource_type":"193a97c1-4475-4a19-b90c-295c4fdc6517","transfer_complete":true,"asset_type":"data_intg_flow","name":"data_intg_flows","creator_id":"IBMid-1200008SY4","id":"b494ca16-e602-4b2e-9fab-98266eb86910","is_referenced":true,"is_managed":false,"is_object_key_read_only":false},{"test_doc":0,"object_key":"data_intg_flow/7e5b30d5-a302-4bbf-8d09-82b7aead555d46471539-5057-49f7-80e1-6100523e7e4apx_executables","create_time":1651865333463,"complete_time_ticks":1651865333463,"mime":"application/octet-stream","usage":{"access_count":0,"last_accessor_id":"IBMid-1200008SY4","last_access_time":1651865333463},"is_remote":false,"handle":{"bucket":"datastageaastransformationflow-donotdelete-pr-87k3gc4rzfaanp","max_part_num":1,"upload_id":"done","location":"us-geo","key":"data_intg_flow/7e5b30d5-a302-4bbf-8d09-82b7aead555d46471539-5057-49f7-80e1-6100523e7e4apx_executables"},"is_user_provided_path_key":true,"user_data":{},"version":2,"size":3598,"is_partitioned":false,"datasource_type":"193a97c1-4475-4a19-b90c-295c4fdc6517","transfer_complete":true,"asset_type":"data_intg_flow","name":"px_executables","creator_id":"IBMid-1200008SY4","id":"de2249af-b0dd-4fd7-a2ed-e1796a252939","is_referenced":true,"is_managed":false,"is_object_key_read_only":false}]}]
