[{"metadata":{"asset_id":"91cdab3d-378a-4e4c-ab9c-eba47116b7be","asset_type":"data_intg_flow","catalog_id":"4008529a-4a7e-4cda-89b8-bf6aeb8df855","create_time":"2022-05-05T16:24:37.000Z","creator_id":"IBMid-1200009BFB","name":"Flow-For-Sequential-Files_copy_1651767877135","origin_country":"us","size":29887,"project_id":"7e5b30d5-a302-4bbf-8d09-82b7aead555d","resource_key":"7e5b30d5-a302-4bbf-8d09-82b7aead555d/data_intg_flow/Flow-For-Sequential-Files_copy_1651767877135","description":"","usage":{"last_access_time":"2022-05-05T17:25:36.624Z","last_accessor_id":"IBMid-1200008SY4","access_count":0}},"entity":{"data_intg_flow":{"mime_type":"application/json","dataset":false}},"attachments":[{"test_doc":0,"object_key":"data_intg_flow/7e5b30d5-a302-4bbf-8d09-82b7aead555d91cdab3d-378a-4e4c-ab9c-eba47116b7be","create_time":1651768585866,"complete_time_ticks":1651768585866,"mime":"application/json","usage":{"access_count":0,"last_accessor_id":"IBMid-1200009BFB","last_access_time":1651768585866},"is_remote":false,"handle":{"bucket":"datastageaastransformationflow-donotdelete-pr-87k3gc4rzfaanp","max_part_num":1,"upload_id":"done","location":"us-geo","key":"data_intg_flow/7e5b30d5-a302-4bbf-8d09-82b7aead555d91cdab3d-378a-4e4c-ab9c-eba47116b7be"},"is_user_provided_path_key":true,"user_data":{},"version":2,"size":28497,"is_partitioned":false,"datasource_type":"193a97c1-4475-4a19-b90c-295c4fdc6517","transfer_complete":true,"asset_type":"data_intg_flow","name":"data_intg_flows","creator_id":"IBMid-1200009BFB","id":"3089960f-b070-4b65-bb1b-bee48c93dd80","is_referenced":true,"is_managed":false,"is_object_key_read_only":false},{"test_doc":0,"object_key":"data_intg_flow/7e5b30d5-a302-4bbf-8d09-82b7aead555d91cdab3d-378a-4e4c-ab9c-eba47116b7bepx_executables","create_time":1651771536624,"complete_time_ticks":1651771536624,"mime":"application/octet-stream","usage":{"access_count":0,"last_accessor_id":"IBMid-1200008SY4","last_access_time":1651771536624},"is_remote":false,"handle":{"bucket":"datastageaastransformationflow-donotdelete-pr-87k3gc4rzfaanp","max_part_num":1,"upload_id":"done","location":"us-geo","key":"data_intg_flow/7e5b30d5-a302-4bbf-8d09-82b7aead555d91cdab3d-378a-4e4c-ab9c-eba47116b7bepx_executables"},"is_user_provided_path_key":true,"user_data":{},"version":2,"size":1390,"is_partitioned":false,"datasource_type":"193a97c1-4475-4a19-b90c-295c4fdc6517","transfer_complete":true,"asset_type":"data_intg_flow","name":"px_executables","creator_id":"IBMid-1200008SY4","id":"f724123a-7c28-4bfe-b7c3-8e91e18ad331","is_referenced":true,"is_managed":false,"is_object_key_read_only":false}]}]
