[{"metadata":{"asset_id":"1ef9211e-6a1c-4f1d-841f-d837b8371c24","asset_type":"data_intg_flow","catalog_id":"4008529a-4a7e-4cda-89b8-bf6aeb8df855","create_time":"2022-05-04T22:41:35.000Z","creator_id":"IBMid-1200009BFB","name":"Flow-For-Sequential-Files-With-Subflow","origin_country":"us","size":26906,"project_id":"7e5b30d5-a302-4bbf-8d09-82b7aead555d","resource_key":"7e5b30d5-a302-4bbf-8d09-82b7aead555d/data_intg_flow/Flow-For-Sequential-Files-With-Subflow","description":"","usage":{"last_access_time":"2022-05-05T00:16:08.703Z","last_accessor_id":"IBMid-1200009BFB","access_count":0}},"entity":{"data_intg_flow":{"mime_type":"application/json","dataset":false}},"attachments":[{"test_doc":0,"object_key":"data_intg_flow/7e5b30d5-a302-4bbf-8d09-82b7aead555d1ef9211e-6a1c-4f1d-841f-d837b8371c24px_executables","create_time":1651709164901,"complete_time_ticks":1651709164901,"mime":"application/octet-stream","usage":{"access_count":0,"last_accessor_id":"IBMid-1200009BFB","last_access_time":1651709164901},"is_remote":false,"handle":{"bucket":"datastageaastransformationflow-donotdelete-pr-87k3gc4rzfaanp","max_part_num":1,"upload_id":"done","location":"us-geo","key":"data_intg_flow/7e5b30d5-a302-4bbf-8d09-82b7aead555d1ef9211e-6a1c-4f1d-841f-d837b8371c24px_executables"},"is_user_provided_path_key":true,"user_data":{},"version":2,"size":1367,"is_partitioned":false,"datasource_type":"193a97c1-4475-4a19-b90c-295c4fdc6517","transfer_complete":true,"asset_type":"data_intg_flow","name":"px_executables","creator_id":"IBMid-1200009BFB","id":"86102da3-757a-4bd4-8eef-d0818b21e62d","is_referenced":true,"is_managed":false,"is_object_key_read_only":false},{"test_doc":0,"object_key":"data_intg_flow/7e5b30d5-a302-4bbf-8d09-82b7aead555d1ef9211e-6a1c-4f1d-841f-d837b8371c24","create_time":1651709768703,"complete_time_ticks":1651709768703,"mime":"application/json","usage":{"access_count":0,"last_accessor_id":"IBMid-1200009BFB","last_access_time":1651709768703},"is_remote":false,"handle":{"bucket":"datastageaastransformationflow-donotdelete-pr-87k3gc4rzfaanp","max_part_num":1,"upload_id":"done","location":"us-geo","key":"data_intg_flow/7e5b30d5-a302-4bbf-8d09-82b7aead555d1ef9211e-6a1c-4f1d-841f-d837b8371c24"},"is_user_provided_path_key":true,"user_data":{},"version":2,"size":25539,"is_partitioned":false,"datasource_type":"193a97c1-4475-4a19-b90c-295c4fdc6517","transfer_complete":true,"asset_type":"data_intg_flow","name":"data_intg_flows","creator_id":"IBMid-1200009BFB","id":"d9aa9757-4e41-4505-a04f-6fe7655d989f","is_referenced":true,"is_managed":false,"is_object_key_read_only":false}]}]
