[{"metadata":{"asset_id":"ee7bc76e-eb56-482f-9813-2484cccd7604","asset_type":"data_intg_flow","catalog_id":"4008529a-4a7e-4cda-89b8-bf6aeb8df855","create_time":"2022-05-06T19:17:13.000Z","creator_id":"IBMid-1200008SY4","name":"Flow-For-Sequential-Files_copy_1651864633900","origin_country":"us","size":24218,"project_id":"7e5b30d5-a302-4bbf-8d09-82b7aead555d","resource_key":"7e5b30d5-a302-4bbf-8d09-82b7aead555d/data_intg_flow/Flow-For-Sequential-Files_copy_1651864633900","description":"","usage":{"last_access_time":"2022-05-06T19:20:26.900Z","last_accessor_id":"IBMid-1200008SY4","access_count":0}},"entity":{"data_intg_flow":{"mime_type":"application/json","dataset":false}},"attachments":[{"test_doc":0,"object_key":"data_intg_flow/7e5b30d5-a302-4bbf-8d09-82b7aead555dee7bc76e-eb56-482f-9813-2484cccd7604","create_time":1651864809203,"complete_time_ticks":1651864809203,"mime":"application/json","usage":{"access_count":0,"last_accessor_id":"IBMid-1200008SY4","last_access_time":1651864809203},"is_remote":false,"handle":{"bucket":"datastageaastransformationflow-donotdelete-pr-87k3gc4rzfaanp","max_part_num":1,"upload_id":"done","location":"us-geo","key":"data_intg_flow/7e5b30d5-a302-4bbf-8d09-82b7aead555dee7bc76e-eb56-482f-9813-2484cccd7604"},"is_user_provided_path_key":true,"user_data":{},"version":2,"size":22961,"is_partitioned":false,"datasource_type":"193a97c1-4475-4a19-b90c-295c4fdc6517","transfer_complete":true,"asset_type":"data_intg_flow","name":"data_intg_flows","creator_id":"IBMid-1200008SY4","id":"e41a83de-3411-47f7-8c94-9060f9f9ae38","is_referenced":true,"is_managed":false,"is_object_key_read_only":false},{"test_doc":0,"object_key":"data_intg_flow/7e5b30d5-a302-4bbf-8d09-82b7aead555dee7bc76e-eb56-482f-9813-2484cccd7604px_executables","create_time":1651864826899,"complete_time_ticks":1651864826899,"mime":"application/octet-stream","usage":{"access_count":0,"last_accessor_id":"IBMid-1200008SY4","last_access_time":1651864826899},"is_remote":false,"handle":{"bucket":"datastageaastransformationflow-donotdelete-pr-87k3gc4rzfaanp","max_part_num":1,"upload_id":"done","location":"us-geo","key":"data_intg_flow/7e5b30d5-a302-4bbf-8d09-82b7aead555dee7bc76e-eb56-482f-9813-2484cccd7604px_executables"},"is_user_provided_path_key":true,"user_data":{},"version":2,"size":1257,"is_partitioned":false,"datasource_type":"193a97c1-4475-4a19-b90c-295c4fdc6517","transfer_complete":true,"asset_type":"data_intg_flow","name":"px_executables","creator_id":"IBMid-1200008SY4","id":"22d00904-e28f-4e12-afa4-58468d1a822f","is_referenced":true,"is_managed":false,"is_object_key_read_only":false}]}]
