[{"metadata":{"asset_id":"973e1e1c-13d7-4254-b55b-f73a0f751d9a","asset_type":"data_intg_flow","catalog_id":"4008529a-4a7e-4cda-89b8-bf6aeb8df855","create_time":"2022-05-05T18:43:33.000Z","creator_id":"IBMid-1200009BFB","name":"Flow-For-DB2-With-Subflow","origin_country":"us","size":32867,"project_id":"7e5b30d5-a302-4bbf-8d09-82b7aead555d","resource_key":"7e5b30d5-a302-4bbf-8d09-82b7aead555d/data_intg_flow/Flow-For-DB2-With-Subflow","description":"","usage":{"last_access_time":"2022-05-05T18:54:48.549Z","last_accessor_id":"IBMid-1200009BFB","access_count":0}},"entity":{"data_intg_flow":{"mime_type":"application/json","dataset":false}},"attachments":[{"test_doc":0,"object_key":"data_intg_flow/7e5b30d5-a302-4bbf-8d09-82b7aead555d973e1e1c-13d7-4254-b55b-f73a0f751d9a","create_time":1651776879836,"complete_time_ticks":1651776879836,"mime":"application/json","usage":{"access_count":0,"last_accessor_id":"IBMid-1200009BFB","last_access_time":1651776879836},"is_remote":false,"handle":{"bucket":"datastageaastransformationflow-donotdelete-pr-87k3gc4rzfaanp","max_part_num":1,"upload_id":"done","location":"us-geo","key":"data_intg_flow/7e5b30d5-a302-4bbf-8d09-82b7aead555d973e1e1c-13d7-4254-b55b-f73a0f751d9a"},"is_user_provided_path_key":true,"user_data":{},"version":2,"size":29481,"is_partitioned":false,"datasource_type":"193a97c1-4475-4a19-b90c-295c4fdc6517","transfer_complete":true,"asset_type":"data_intg_flow","name":"data_intg_flows","creator_id":"IBMid-1200009BFB","id":"b72cac57-c7c2-4958-87c7-730061a83ab1","is_referenced":true,"is_managed":false,"is_object_key_read_only":false},{"test_doc":0,"object_key":"data_intg_flow/7e5b30d5-a302-4bbf-8d09-82b7aead555d973e1e1c-13d7-4254-b55b-f73a0f751d9apx_executables","create_time":1651776888549,"complete_time_ticks":1651776888549,"mime":"application/octet-stream","usage":{"access_count":0,"last_accessor_id":"IBMid-1200009BFB","last_access_time":1651776888549},"is_remote":false,"handle":{"bucket":"datastageaastransformationflow-donotdelete-pr-87k3gc4rzfaanp","max_part_num":1,"upload_id":"done","location":"us-geo","key":"data_intg_flow/7e5b30d5-a302-4bbf-8d09-82b7aead555d973e1e1c-13d7-4254-b55b-f73a0f751d9apx_executables"},"is_user_provided_path_key":true,"user_data":{},"version":2,"size":3386,"is_partitioned":false,"datasource_type":"193a97c1-4475-4a19-b90c-295c4fdc6517","transfer_complete":true,"asset_type":"data_intg_flow","name":"px_executables","creator_id":"IBMid-1200009BFB","id":"c8cf8661-9fcb-421a-a996-163ab831d93d","is_referenced":true,"is_managed":false,"is_object_key_read_only":false}]}]
