{"metadata":{"asset_id":"f7a1ea47-643c-48bf-8401-7edfc42c73f0","asset_attributes":["data_asset"],"name":"employee_data.xls","asset_type":"data_asset","created_at":"2022-02-05T08:16:25Z","description":"","origin_country":"us","owner_id":"IBMid-1200008SY4","project_id":"7e5b30d5-a302-4bbf-8d09-82b7aead555d","size":3396096,"tags":[],"usage":{"last_update_time":1644049017951,"last_updated_at":"2022-02-05T08:16:57Z"}},"entity":{"data_asset":{"mime_type":"application/x-msexcel","dataset":false}},"attachments":[{"id":"df54181e-dcbb-45cd-b5ca-d8dcd82788b0","version":2,"asset_type":"data_asset","name":"employee_data.xls","mime":"application/x-msexcel","datasource_type":"193a97c1-4475-4a19-b90c-295c4fdc6517","object_key":"employee_data.xls","creator_id":"IBMid-1200008SY4","create_time":1644049017947,"size":3396096,"is_remote":false,"is_managed":false,"is_referenced":true,"is_object_key_read_only":true,"is_user_provided_path_key":true,"transfer_complete":true,"is_partitioned":false,"complete_time_ticks":1644049017947,"user_data":{},"test_doc":0,"handle":{"bucket":"datastageaastransformationflow-donotdelete-pr-87k3gc4rzfaanp","location":"us-geo","key":"employee_data.xls","upload_id":"done","max_part_num":1},"usage":{"access_count":0,"last_accessor_id":"IBMid-1200008SY4","last_access_time":1644049017947}}]}
