[{"metadata":{"asset_id":"369d1fa4-bf80-4479-a53a-04553c3d1861","asset_type":"data_intg_flow","catalog_id":"4008529a-4a7e-4cda-89b8-bf6aeb8df855","create_time":"2022-02-05T07:50:22.000Z","creator_id":"IBMid-1200008SY4","name":"Test Excel Cloud Object Storage","origin_country":"us","size":4178,"project_id":"7e5b30d5-a302-4bbf-8d09-82b7aead555d","resource_key":"7e5b30d5-a302-4bbf-8d09-82b7aead555d/data_intg_flow/Test Excel Cloud Object Storage","description":"","tags":[],"usage":{"last_access_time":"2022-02-05T08:14:39.767Z","last_accessor_id":"IBMid-1200008SY4","access_count":0}},"entity":{"data_intg_flow":{"mime_type":"application/json","dataset":false}},"attachments":[{"test_doc":0,"object_key":"data_intg_flow/7e5b30d5-a302-4bbf-8d09-82b7aead555d369d1fa4-bf80-4479-a53a-04553c3d1861","create_time":1644048879766,"complete_time_ticks":1644048879766,"mime":"application/json","usage":{"access_count":0,"last_accessor_id":"IBMid-1200008SY4","last_access_time":1644048879766},"is_remote":false,"handle":{"bucket":"datastageaastransformationflow-donotdelete-pr-87k3gc4rzfaanp","max_part_num":1,"upload_id":"done","location":"us-geo","key":"data_intg_flow/7e5b30d5-a302-4bbf-8d09-82b7aead555d369d1fa4-bf80-4479-a53a-04553c3d1861"},"is_user_provided_path_key":true,"user_data":{},"version":2,"size":4178,"is_partitioned":false,"datasource_type":"193a97c1-4475-4a19-b90c-295c4fdc6517","transfer_complete":true,"asset_type":"data_intg_flow","name":"data_intg_flows","creator_id":"IBMid-1200008SY4","id":"65d779ea-bcc5-41b9-982e-1a13fe52a8bf","is_referenced":true,"is_managed":false,"is_object_key_read_only":false}]}]
