[{"metadata":{"asset_id":"6ea8eda8-3245-4566-a440-850d35f9503a","asset_type":"data_intg_flow","catalog_id":"4008529a-4a7e-4cda-89b8-bf6aeb8df855","create_time":"2022-05-05T17:16:45.000Z","creator_id":"IBMid-1200008SY4","name":"Flow-For-Sequential-Files_copy_1651771005864","origin_country":"us","size":34231,"project_id":"7e5b30d5-a302-4bbf-8d09-82b7aead555d","resource_key":"7e5b30d5-a302-4bbf-8d09-82b7aead555d/data_intg_flow/Flow-For-Sequential-Files_copy_1651771005864","description":"","usage":{"last_access_time":"2022-05-05T17:21:36.610Z","last_accessor_id":"IBMid-1200008SY4","access_count":0}},"entity":{"data_intg_flow":{"mime_type":"application/json","dataset":false}},"attachments":[{"test_doc":0,"object_key":"data_intg_flow/7e5b30d5-a302-4bbf-8d09-82b7aead555d6ea8eda8-3245-4566-a440-850d35f9503a","create_time":1651771288005,"complete_time_ticks":1651771288005,"mime":"application/json","usage":{"access_count":0,"last_accessor_id":"IBMid-1200008SY4","last_access_time":1651771288005},"is_remote":false,"handle":{"bucket":"datastageaastransformationflow-donotdelete-pr-87k3gc4rzfaanp","max_part_num":1,"upload_id":"done","location":"us-geo","key":"data_intg_flow/7e5b30d5-a302-4bbf-8d09-82b7aead555d6ea8eda8-3245-4566-a440-850d35f9503a"},"is_user_provided_path_key":true,"user_data":{},"version":2,"size":32964,"is_partitioned":false,"datasource_type":"193a97c1-4475-4a19-b90c-295c4fdc6517","transfer_complete":true,"asset_type":"data_intg_flow","name":"data_intg_flows","creator_id":"IBMid-1200008SY4","id":"af477def-cdea-4108-9d3f-00f222d6cc80","is_referenced":true,"is_managed":false,"is_object_key_read_only":false},{"test_doc":0,"object_key":"data_intg_flow/7e5b30d5-a302-4bbf-8d09-82b7aead555d6ea8eda8-3245-4566-a440-850d35f9503apx_executables","create_time":1651771296609,"complete_time_ticks":1651771296609,"mime":"application/octet-stream","usage":{"access_count":0,"last_accessor_id":"IBMid-1200008SY4","last_access_time":1651771296609},"is_remote":false,"handle":{"bucket":"datastageaastransformationflow-donotdelete-pr-87k3gc4rzfaanp","max_part_num":1,"upload_id":"done","location":"us-geo","key":"data_intg_flow/7e5b30d5-a302-4bbf-8d09-82b7aead555d6ea8eda8-3245-4566-a440-850d35f9503apx_executables"},"is_user_provided_path_key":true,"user_data":{},"version":2,"size":1267,"is_partitioned":false,"datasource_type":"193a97c1-4475-4a19-b90c-295c4fdc6517","transfer_complete":true,"asset_type":"data_intg_flow","name":"px_executables","creator_id":"IBMid-1200008SY4","id":"a938120d-79bc-404e-8561-ef213a9fada1","is_referenced":true,"is_managed":false,"is_object_key_read_only":false}]}]
