[{"metadata":{"asset_id":"d97b03fb-c32f-4c17-8283-830ddee96d10","asset_type":"data_intg_flow","catalog_id":"4008529a-4a7e-4cda-89b8-bf6aeb8df855","create_time":"2021-11-01T23:48:44.000Z","creator_id":"IBMid-1200008SY4","name":"Flow-For-DB2","origin_country":"us","size":25069,"project_id":"7e5b30d5-a302-4bbf-8d09-82b7aead555d","resource_key":"7e5b30d5-a302-4bbf-8d09-82b7aead555d/data_intg_flow/Flow-For-DB2","description":"","tags":[],"usage":{"last_access_time":"2022-11-16T00:11:26.356Z","last_accessor_id":"IBMid-1200008SY4","access_count":0}},"entity":{"data_intg_flow":{"mime_type":"application/json","dataset":false}},"attachments":[{"test_doc":0,"object_key":"data_intg_flow/7e5b30d5-a302-4bbf-8d09-82b7aead555dd97b03fb-c32f-4c17-8283-830ddee96d10px_executables","create_time":1651775927987,"complete_time_ticks":1651775927987,"mime":"application/octet-stream","usage":{"access_count":0,"last_accessor_id":"IBMid-1200009BFB","last_access_time":1651775927987},"is_remote":false,"handle":{"bucket":"datastageaastransformationflow-donotdelete-pr-87k3gc4rzfaanp","max_part_num":1,"upload_id":"done","location":"us-geo","key":"data_intg_flow/7e5b30d5-a302-4bbf-8d09-82b7aead555dd97b03fb-c32f-4c17-8283-830ddee96d10px_executables"},"is_user_provided_path_key":true,"user_data":{},"version":2,"size":3550,"is_partitioned":false,"datasource_type":"193a97c1-4475-4a19-b90c-295c4fdc6517","transfer_complete":true,"asset_type":"data_intg_flow","name":"px_executables","creator_id":"IBMid-1200009BFB","id":"a8f7d2e8-434b-4054-b347-0329c15ac0be","is_referenced":true,"is_managed":false,"is_object_key_read_only":false},{"test_doc":0,"object_key":"data_intg_flow/7e5b30d5-a302-4bbf-8d09-82b7aead555dd97b03fb-c32f-4c17-8283-830ddee96d10","create_time":1668557486356,"complete_time_ticks":1668557486356,"mime":"application/json","usage":{"access_count":0,"last_accessor_id":"IBMid-1200008SY4","last_access_time":1668557486356},"is_remote":false,"handle":{"bucket":"datastageaastransformationflow-donotdelete-pr-87k3gc4rzfaanp","max_part_num":1,"upload_id":"done","location":"us-geo","type":"bluemix_cos","key":"data_intg_flow/7e5b30d5-a302-4bbf-8d09-82b7aead555dd97b03fb-c32f-4c17-8283-830ddee96d10"},"is_user_provided_path_key":true,"user_data":{},"version":2,"size":21519,"is_partitioned":false,"datasource_type":"193a97c1-4475-4a19-b90c-295c4fdc6517","transfer_complete":true,"asset_type":"data_intg_flow","name":"data_intg_flows","creator_id":"IBMid-1200008SY4","id":"bd13a8e7-464a-407c-9452-aa81593be535","is_referenced":true,"is_managed":false,"is_object_key_read_only":false}]}]
