[{"metadata":{"asset_id":"fc9e4d8b-73e2-488d-a0b5-a4141898392d","asset_type":"data_intg_flow","catalog_id":"4008529a-4a7e-4cda-89b8-bf6aeb8df855","create_time":"2021-11-04T17:08:01.000Z","creator_id":"IBMid-1200008SY4","name":"Flow-For-Sequential-Files","origin_country":"us","size":24466,"project_id":"7e5b30d5-a302-4bbf-8d09-82b7aead555d","resource_key":"7e5b30d5-a302-4bbf-8d09-82b7aead555d/data_intg_flow/Flow-For-Sequential-Files","description":"","tags":[],"usage":{"last_access_time":"2022-05-04T17:43:52.621Z","last_accessor_id":"IBMid-1200009BFB","access_count":0}},"entity":{"data_intg_flow":{"mime_type":"application/json","dataset":false}},"attachments":[{"test_doc":0,"object_key":"data_intg_flow/7e5b30d5-a302-4bbf-8d09-82b7aead555dfc9e4d8b-73e2-488d-a0b5-a4141898392dpx_executables","create_time":1651621236958,"complete_time_ticks":1651621236958,"mime":"application/octet-stream","usage":{"access_count":0,"last_accessor_id":"IBMid-1200008SY4","last_access_time":1651621236958},"is_remote":false,"handle":{"bucket":"datastageaastransformationflow-donotdelete-pr-87k3gc4rzfaanp","max_part_num":1,"upload_id":"done","location":"us-geo","key":"data_intg_flow/7e5b30d5-a302-4bbf-8d09-82b7aead555dfc9e4d8b-73e2-488d-a0b5-a4141898392dpx_executables"},"is_user_provided_path_key":true,"user_data":{},"version":2,"size":1256,"is_partitioned":false,"datasource_type":"193a97c1-4475-4a19-b90c-295c4fdc6517","transfer_complete":true,"asset_type":"data_intg_flow","name":"px_executables","creator_id":"IBMid-1200008SY4","id":"869ec795-79e5-43ea-b6ad-8225dee9cb41","is_referenced":true,"is_managed":false,"is_object_key_read_only":false},{"test_doc":0,"object_key":"data_intg_flow/7e5b30d5-a302-4bbf-8d09-82b7aead555dfc9e4d8b-73e2-488d-a0b5-a4141898392d","create_time":1651686232620,"complete_time_ticks":1651686232620,"mime":"application/json","usage":{"access_count":0,"last_accessor_id":"IBMid-1200009BFB","last_access_time":1651686232620},"is_remote":false,"handle":{"bucket":"datastageaastransformationflow-donotdelete-pr-87k3gc4rzfaanp","max_part_num":1,"upload_id":"done","location":"us-geo","key":"data_intg_flow/7e5b30d5-a302-4bbf-8d09-82b7aead555dfc9e4d8b-73e2-488d-a0b5-a4141898392d"},"is_user_provided_path_key":true,"user_data":{},"version":2,"size":23210,"is_partitioned":false,"datasource_type":"193a97c1-4475-4a19-b90c-295c4fdc6517","transfer_complete":true,"asset_type":"data_intg_flow","name":"data_intg_flows","creator_id":"IBMid-1200009BFB","id":"08a1e4c1-957e-4a65-bffe-a470c49a0e46","is_referenced":true,"is_managed":false,"is_object_key_read_only":false}]}]
