[{"metadata":{"asset_id":"c50f1fe2-2d66-456f-9116-0960009d0d9f","asset_type":"data_intg_subflow","catalog_id":"4008529a-4a7e-4cda-89b8-bf6aeb8df855","create_time":"2022-05-04T23:20:43.000Z","creator_id":"IBMid-1200009BFB","name":"SubflowTestJay1","origin_country":"us","size":20680,"project_id":"7e5b30d5-a302-4bbf-8d09-82b7aead555d","resource_key":"7e5b30d5-a302-4bbf-8d09-82b7aead555d/data_intg_subflow/SubflowTestJay1","description":"","usage":{"last_access_time":"2022-05-05T17:24:59.378Z","last_accessor_id":"IBMid-1200008SY4","access_count":0}},"entity":{"data_intg_subflow":{"mime_type":"application/json","dataset":false}},"attachments":[{"test_doc":0,"object_key":"data_intg_subflow/7e5b30d5-a302-4bbf-8d09-82b7aead555dc50f1fe2-2d66-456f-9116-0960009d0d9f","create_time":1651771499377,"complete_time_ticks":1651771499377,"mime":"application/json","usage":{"access_count":0,"last_accessor_id":"IBMid-1200008SY4","last_access_time":1651771499377},"is_remote":false,"handle":{"bucket":"datastageaastransformationflow-donotdelete-pr-87k3gc4rzfaanp","max_part_num":1,"upload_id":"done","location":"us-geo","key":"data_intg_subflow/7e5b30d5-a302-4bbf-8d09-82b7aead555dc50f1fe2-2d66-456f-9116-0960009d0d9f"},"is_user_provided_path_key":true,"user_data":{},"version":2,"size":20680,"is_partitioned":false,"datasource_type":"193a97c1-4475-4a19-b90c-295c4fdc6517","transfer_complete":true,"asset_type":"data_intg_subflow","name":"data_intg_subflows","creator_id":"IBMid-1200008SY4","id":"b68f9940-5fb9-4db4-9ffc-1f9c312f3012","is_referenced":true,"is_managed":false,"is_object_key_read_only":false}]}]
