{"metadata":{"asset_id":"2241df48-23a1-412e-bf4f-060731bb0e1f","asset_attributes":["job"],"name":"Transformation Flow_copy_1635962405820.DataStage job","asset_type":"job","created_at":"2021-11-03T18:05:15Z","description":"","origin_country":"us","owner_id":"IBMid-1200008SY4","project_id":"7e5b30d5-a302-4bbf-8d09-82b7aead555d","size":0,"tags":[],"usage":{"last_update_time":1635962715763,"last_updated_at":"2021-11-03T18:05:15Z"}},"entity":{"job":{"asset_ref_type":"data_intg_flow","configuration":{"env_variables":[],"flow_limits":{"warn_limit":100},"job_parameters":[],"env_id":"default_datastage_px-7e5b30d5-a302-4bbf-8d09-82b7aead555d","env_type":"datastage"},"last_run_initiator":"None","last_run_time":"","last_run_status":"None","last_run_status_timestamp":0,"future_scheduled_runs":[],"enable_notifications":true,"project_name":"DataStageaaS Transformation Flow","asset_ref":"d6837c6a-22eb-4507-a731-5fe78b8f330c","schedule_id":"","schedule_creator_id":""}}}
