{"metadata":{"asset_id":"5b1d8885-490b-445a-b427-9c6519fbf02c","asset_attributes":["job"],"name":"Flow-For-DB2.DataStage job","asset_type":"job","created_at":"2022-05-04T17:33:45Z","origin_country":"us","owner_id":"IBMid-1200009BFB","project_id":"7e5b30d5-a302-4bbf-8d09-82b7aead555d","size":0,"usage":{"last_update_time":1651685625840,"last_updated_at":"2022-05-04T17:33:45Z"}},"entity":{"job":{"asset_ref_type":"data_intg_flow","configuration":{"env_variables":[],"flow_limits":{"warn_limit":100},"job_parameters":[],"env_id":"default_datastage_px-7e5b30d5-a302-4bbf-8d09-82b7aead555d","env_type":"datastage"},"last_run_initiator":"None","last_run_time":"","last_run_status":"None","last_run_status_timestamp":0,"future_scheduled_runs":[],"enable_notifications":true,"project_name":"DataStageaaS Transformation Flow","asset_ref":"8ec2cf1f-a381-46c1-a146-f754ce0cc00f","schedule_id":"","schedule_creator_id":""}}}
