{"metadata":{"asset_id":"8484c45f-980a-4b70-944c-7c1d3136c6ba","asset_attributes":["job"],"name":"Flow-For-DB2_withParameterSet_Test.DataStage job","asset_type":"job","created_at":"2022-05-06T19:28:57Z","origin_country":"us","owner_id":"IBMid-1200008SY4","project_id":"7e5b30d5-a302-4bbf-8d09-82b7aead555d","size":0,"usage":{"last_update_time":1651865337665,"last_updated_at":"2022-05-06T19:28:57Z"}},"entity":{"job":{"asset_ref_type":"data_intg_flow","configuration":{"env_variables":[],"flow_limits":{"warn_limit":100},"job_parameters":["DB Configuration Property1.CustomerDataSchemaName1=DMG39991","DB Configuration Property1.CustomerSourceTableName1=CURRENTCUSTOMERS","DB Configuration Property1.CustomerTargetTableName1=CURRENTCUSTOMERS1"],"env_id":"default_datastage_px-7e5b30d5-a302-4bbf-8d09-82b7aead555d","env_type":"datastage"},"last_run_initiator":"None","last_run_time":"","last_run_status":"None","last_run_status_timestamp":0,"future_scheduled_runs":[],"enable_notifications":true,"project_name":"DataStageaaS Transformation Flow","asset_ref":"46471539-5057-49f7-80e1-6100523e7e4a","schedule_id":"","schedule_creator_id":""}}}
