{"metadata":{"asset_id":"064dcbb0-0b4a-4886-8a3a-21dceaf0da50","asset_attributes":["job"],"name":"Flow-For-DB2-with-ParameterSet.DataStage job","asset_type":"job","created_at":"2022-05-06T00:33:09Z","origin_country":"us","owner_id":"IBMid-1200009BFB","project_id":"7e5b30d5-a302-4bbf-8d09-82b7aead555d","size":0,"usage":{"last_update_time":1651855424617,"last_updated_at":"2022-05-06T16:43:44Z"}},"entity":{"job":{"asset_ref_type":"data_intg_flow","configuration":{"flow_limits":{"warn_limit":100},"job_parameters":["DB Configuration Property.CustomerDataSchemaName=DMG39991","DB Configuration Property.CustomerSourceTableName=CURRENTCUSTOMERS","DB Configuration Property.CustomerTargetTableName=CURRENTCUSTOMERS1"],"env_id":"default_datastage_px-7e5b30d5-a302-4bbf-8d09-82b7aead555d"},"last_run_initiator":"None","last_run_time":"","last_run_status":"None","last_run_status_timestamp":0,"future_scheduled_runs":[],"enable_notifications":true,"project_name":"DataStageaaS Transformation Flow","asset_ref":"aa68edf5-12cb-4c67-97d0-7d6293545c66","schedule_id":"","schedule_creator_id":""}}}
