{"metadata":{"asset_id":"d60b35cb-f572-433c-b77c-29a70e8a3ddd","asset_attributes":["job"],"name":"Flow-For-Sequential-Files_copy_1651771840140_Albert.DataStage job","asset_type":"job","created_at":"2022-05-05T17:34:06Z","origin_country":"us","owner_id":"IBMid-1200009BFB","project_id":"7e5b30d5-a302-4bbf-8d09-82b7aead555d","size":0,"usage":{"last_update_time":1651772046589,"last_updated_at":"2022-05-05T17:34:06Z"}},"entity":{"job":{"asset_ref_type":"data_intg_flow","configuration":{"env_variables":[],"flow_limits":{"warn_limit":100},"job_parameters":[],"env_id":"default_datastage_px-7e5b30d5-a302-4bbf-8d09-82b7aead555d","env_type":"datastage"},"last_run_initiator":"None","last_run_time":"","last_run_status":"None","last_run_status_timestamp":0,"future_scheduled_runs":[],"enable_notifications":true,"project_name":"DataStageaaS Transformation Flow","asset_ref":"b7afc526-b5ab-4680-a37b-9cec690a8926","schedule_id":"","schedule_creator_id":""}}}
