{"metadata":{"asset_id":"7eab0957-2a66-4fa2-ba6d-45eed64ee9f7","asset_attributes":["job"],"name":"Flow-For-Sequential-Files_copy_1651864633900.DataStage job","asset_type":"job","created_at":"2022-05-06T19:20:34Z","origin_country":"us","owner_id":"IBMid-1200008SY4","project_id":"7e5b30d5-a302-4bbf-8d09-82b7aead555d","size":0,"usage":{"last_update_time":1651864834862,"last_updated_at":"2022-05-06T19:20:34Z"}},"entity":{"job":{"asset_ref_type":"data_intg_flow","configuration":{"env_variables":[],"flow_limits":{"warn_limit":100},"job_parameters":["CustomerSourceFile1=tutorial/Customers.csv","CustomerTargetFile1=tutorial/CustomerTarget_with_Parameter.csv"],"env_id":"default_datastage_px-7e5b30d5-a302-4bbf-8d09-82b7aead555d","env_type":"datastage"},"last_run_initiator":"None","last_run_time":"","last_run_status":"None","last_run_status_timestamp":0,"future_scheduled_runs":[],"enable_notifications":true,"project_name":"DataStageaaS Transformation Flow","asset_ref":"ee7bc76e-eb56-482f-9813-2484cccd7604","schedule_id":"","schedule_creator_id":""}}}
