{"metadata":{"asset_id":"0c18a30e-ed99-47de-a36d-02ff776cdb54","asset_attributes":["job"],"name":"Flow-For-Sequentail-Files-With-Parameters.DataStage job","asset_type":"job","created_at":"2022-05-04T17:28:43Z","origin_country":"us","owner_id":"IBMid-1200009BFB","project_id":"7e5b30d5-a302-4bbf-8d09-82b7aead555d","size":0,"usage":{"last_update_time":1651685340545,"last_updated_at":"2022-05-04T17:29:00Z"}},"entity":{"job":{"asset_ref_type":"data_intg_flow","configuration":{"env_variables":[],"flow_limits":{"warn_limit":100},"job_parameters":["CustomerSourceFile=tutorial/Customers.csv","CustomerTargetFile=tutorial/CustomerTaget_with_Parameter.csv"],"env_id":"default_datastage_px-7e5b30d5-a302-4bbf-8d09-82b7aead555d","env_type":"datastage"},"last_run_initiator":"None","last_run_time":"","last_run_status":"None","last_run_status_timestamp":0,"future_scheduled_runs":[],"enable_notifications":true,"project_name":"DataStageaaS Transformation Flow","asset_ref":"ba57a82c-1a8f-4c1e-a1f4-17e18e24493d","schedule_id":"","schedule_creator_id":"","data_assets_array":[]}}}
