{"metadata":{"asset_id":"eae539fa-4a23-4344-ac3a-14524b74776e","asset_attributes":["job"],"name":"DB2 Suflow Test.DataStage job","asset_type":"job","created_at":"2022-05-05T18:19:55Z","origin_country":"us","owner_id":"IBMid-1200009BFB","project_id":"7e5b30d5-a302-4bbf-8d09-82b7aead555d","size":0,"usage":{"last_update_time":1651774795107,"last_updated_at":"2022-05-05T18:19:55Z"}},"entity":{"job":{"asset_ref_type":"data_intg_flow","configuration":{"env_variables":[],"flow_limits":{"warn_limit":100},"job_parameters":[],"env_id":"default_datastage_px-7e5b30d5-a302-4bbf-8d09-82b7aead555d","env_type":"datastage"},"last_run_initiator":"None","last_run_time":"","last_run_status":"None","last_run_status_timestamp":0,"future_scheduled_runs":[],"enable_notifications":true,"project_name":"DataStageaaS Transformation Flow","asset_ref":"cb209f04-8e64-4061-9584-7cf3bb58ea1f","schedule_id":"","schedule_creator_id":""}}}
