{"metadata":{"asset_id":"16fbac46-bce4-4ed5-b0d4-82e8dc3145cd","asset_attributes":["job"],"name":"Flow-For-Sequential-Files_copy_1651771005864.DataStage job","asset_type":"job","created_at":"2022-05-05T17:21:41Z","origin_country":"us","owner_id":"IBMid-1200008SY4","project_id":"7e5b30d5-a302-4bbf-8d09-82b7aead555d","size":0,"usage":{"last_update_time":1651771301167,"last_updated_at":"2022-05-05T17:21:41Z"}},"entity":{"job":{"asset_ref_type":"data_intg_flow","configuration":{"env_variables":[],"flow_limits":{"warn_limit":100},"job_parameters":[],"env_id":"default_datastage_px-7e5b30d5-a302-4bbf-8d09-82b7aead555d","env_type":"datastage"},"last_run_initiator":"None","last_run_time":"","last_run_status":"None","last_run_status_timestamp":0,"future_scheduled_runs":[],"enable_notifications":true,"project_name":"DataStageaaS Transformation Flow","asset_ref":"6ea8eda8-3245-4566-a440-850d35f9503a","schedule_id":"","schedule_creator_id":""}}}
