{"metadata":{"asset_id":"8a9f60cb-e8cf-465b-bb12-ade925ef6f99","asset_attributes":["job"],"name":"Flow-For-DB2-with-ParameterSets_copy_1651773851037.DataStage job","asset_type":"job","created_at":"2022-05-05T18:12:59Z","origin_country":"us","owner_id":"IBMid-1200009BFB","project_id":"7e5b30d5-a302-4bbf-8d09-82b7aead555d","size":0,"usage":{"last_update_time":1651774379703,"last_updated_at":"2022-05-05T18:12:59Z"}},"entity":{"job":{"asset_ref_type":"data_intg_flow","configuration":{"env_variables":[],"flow_limits":{"warn_limit":100},"job_parameters":[],"env_id":"default_datastage_px-7e5b30d5-a302-4bbf-8d09-82b7aead555d","env_type":"datastage"},"last_run_initiator":"None","last_run_time":"","last_run_status":"None","last_run_status_timestamp":0,"future_scheduled_runs":[],"enable_notifications":true,"project_name":"DataStageaaS Transformation Flow","asset_ref":"70d6ad09-298e-4690-b355-7daf98a2bf53","schedule_id":"","schedule_creator_id":""}}}
