{"metadata":{"asset_id":"38164aa8-5d18-4d04-816f-925d9020cdd0","asset_attributes":["job"],"name":"Flow-For-DB2-With-Subflow.DataStage job","asset_type":"job","created_at":"2022-05-05T18:52:06Z","origin_country":"us","owner_id":"IBMid-1200009BFB","project_id":"7e5b30d5-a302-4bbf-8d09-82b7aead555d","size":0,"usage":{"last_update_time":1651776726624,"last_updated_at":"2022-05-05T18:52:06Z"}},"entity":{"job":{"asset_ref_type":"data_intg_flow","configuration":{"env_variables":[],"flow_limits":{"warn_limit":100},"job_parameters":[],"env_id":"default_datastage_px-7e5b30d5-a302-4bbf-8d09-82b7aead555d","env_type":"datastage"},"last_run_initiator":"None","last_run_time":"","last_run_status":"None","last_run_status_timestamp":0,"future_scheduled_runs":[],"enable_notifications":true,"project_name":"DataStageaaS Transformation Flow","asset_ref":"973e1e1c-13d7-4254-b55b-f73a0f751d9a","schedule_id":"","schedule_creator_id":""}}}
