{"metadata":{"asset_id":"094e56ba-3fbe-4aa1-bc08-1886a29fbba9","asset_attributes":["job"],"name":"Transformation Flow_copy_1636045681365.DataStage job","asset_type":"job","created_at":"2021-11-04T18:32:18Z","description":"","origin_country":"us","owner_id":"IBMid-1200008SY4","project_id":"7e5b30d5-a302-4bbf-8d09-82b7aead555d","size":0,"tags":[],"usage":{"last_update_time":1636050738174,"last_updated_at":"2021-11-04T18:32:18Z"}},"entity":{"job":{"asset_ref_type":"data_intg_flow","configuration":{"env_variables":[],"flow_limits":{"warn_limit":100},"job_parameters":[],"env_id":"default_datastage_px-7e5b30d5-a302-4bbf-8d09-82b7aead555d","env_type":"datastage"},"last_run_initiator":"None","last_run_time":"","last_run_status":"None","last_run_status_timestamp":0,"future_scheduled_runs":[],"enable_notifications":true,"project_name":"DataStageaaS Transformation Flow","asset_ref":"fc9e4d8b-73e2-488d-a0b5-a4141898392d","schedule_id":"","schedule_creator_id":""}}}
