{"metadata":{"asset_id":"a4e529de-88a3-4062-a7d1-c6eefba59a2f","asset_attributes":["job"],"name":"Transformation Flow.DataStage job 1","asset_type":"job","created_at":"2021-11-02T00:24:16Z","description":"","origin_country":"us","owner_id":"IBMid-1200008SY4","project_id":"7e5b30d5-a302-4bbf-8d09-82b7aead555d","size":0,"tags":[],"usage":{"last_update_time":1635874431706,"last_updated_at":"2021-11-02T17:33:51Z"}},"entity":{"job":{"asset_ref_type":"data_intg_flow","configuration":{"flow_limits":{"warn_limit":100},"job_parameters":[],"env_id":"default_datastage_px_mpp-7e5b30d5-a302-4bbf-8d09-82b7aead555d"},"last_run_initiator":"None","last_run_time":"","last_run_status":"None","last_run_status_timestamp":0,"future_scheduled_runs":[],"enable_notifications":true,"project_name":"DataStageaaS Transformation Flow","asset_ref":"d97b03fb-c32f-4c17-8283-830ddee96d10","schedule_id":"","schedule_creator_id":""}}}
