{"metadata":{"asset_id":"b1206ce8-1be8-4098-a813-00952b3cf1da","asset_attributes":["job"],"name":"Flow-For-DB2-with-ParameterSets_copy_1651772209115.DataStage job","asset_type":"job","created_at":"2022-05-05T17:38:04Z","origin_country":"us","owner_id":"IBMid-1200009BFB","project_id":"7e5b30d5-a302-4bbf-8d09-82b7aead555d","size":0,"usage":{"last_update_time":1651772284104,"last_updated_at":"2022-05-05T17:38:04Z"}},"entity":{"job":{"asset_ref_type":"data_intg_flow","configuration":{"env_variables":[],"flow_limits":{"warn_limit":100},"job_parameters":[],"env_id":"default_datastage_px-7e5b30d5-a302-4bbf-8d09-82b7aead555d","env_type":"datastage"},"last_run_initiator":"None","last_run_time":"","last_run_status":"None","last_run_status_timestamp":0,"future_scheduled_runs":[],"enable_notifications":true,"project_name":"DataStageaaS Transformation Flow","asset_ref":"bb7336cd-a609-4282-b4ec-47cd3848e2d4","schedule_id":"","schedule_creator_id":""}}}
