{"metadata":{"asset_id":"c7c4f294-1aff-4586-8660-73c9c0214af9","asset_attributes":["job"],"name":"Transformation Flow.DataStage job","asset_type":"job","created_at":"2021-11-01T23:06:12Z","description":"","origin_country":"us","owner_id":"IBMid-1200008SY4","project_id":"7e5b30d5-a302-4bbf-8d09-82b7aead555d","size":0,"tags":[],"usage":{"last_update_time":1635807972189,"last_updated_at":"2021-11-01T23:06:12Z"}},"entity":{"job":{"asset_ref_type":"data_intg_flow","configuration":{"env_variables":[],"flow_limits":{"warn_limit":100},"job_parameters":[],"env_id":"default_datastage_px-7e5b30d5-a302-4bbf-8d09-82b7aead555d","env_type":"datastage"},"last_run_initiator":"None","last_run_time":"","last_run_status":"None","last_run_status_timestamp":0,"future_scheduled_runs":[],"enable_notifications":true,"project_name":"DataStageaaS Transformation Flow","asset_ref":"392ddde1-8d30-4f0c-bde1-d4cd2c99cdd8","schedule_id":"","schedule_creator_id":""}}}
