{"metadata":{"asset_id":"72e7890f-08d8-4a66-8d3c-1d9403575ac7","asset_attributes":["job"],"name":"CSV Transformation Flow.DataStage job","asset_type":"job","created_at":"2021-11-03T17:59:02Z","description":"","origin_country":"us","owner_id":"IBMid-1200008SY4","project_id":"7e5b30d5-a302-4bbf-8d09-82b7aead555d","size":0,"tags":[],"usage":{"last_update_time":1635962342033,"last_updated_at":"2021-11-03T17:59:02Z"}},"entity":{"job":{"asset_ref_type":"data_intg_flow","configuration":{"env_variables":[],"flow_limits":{"warn_limit":100},"job_parameters":[],"env_id":"default_datastage_px-7e5b30d5-a302-4bbf-8d09-82b7aead555d","env_type":"datastage"},"last_run_initiator":"None","last_run_time":"","last_run_status":"None","last_run_status_timestamp":0,"future_scheduled_runs":[],"enable_notifications":true,"project_name":"DataStageaaS Transformation Flow","asset_ref":"08ba9e82-cac2-4205-8d76-d20af75b61fd","schedule_id":"","schedule_creator_id":""}}}
