{"metadata":{"asset_id":"ca09ebec-0358-4c71-8bdc-93af97566307","asset_attributes":["job"],"name":"Flow-For-Sequential-Files_copy_1651767877135.DataStage job","asset_type":"job","created_at":"2022-05-05T16:32:39Z","origin_country":"us","owner_id":"IBMid-1200009BFB","project_id":"7e5b30d5-a302-4bbf-8d09-82b7aead555d","size":0,"usage":{"last_update_time":1651768359018,"last_updated_at":"2022-05-05T16:32:39Z"}},"entity":{"job":{"asset_ref_type":"data_intg_flow","configuration":{"env_variables":[],"flow_limits":{"warn_limit":100},"job_parameters":[],"env_id":"default_datastage_px-7e5b30d5-a302-4bbf-8d09-82b7aead555d","env_type":"datastage"},"last_run_initiator":"None","last_run_time":"","last_run_status":"None","last_run_status_timestamp":0,"future_scheduled_runs":[],"enable_notifications":true,"project_name":"DataStageaaS Transformation Flow","asset_ref":"91cdab3d-378a-4e4c-ab9c-eba47116b7be","schedule_id":"","schedule_creator_id":""}}}
