{"metadata":{"asset_id":"943dc82b-bc6a-445f-be1d-bf95d10a27be","asset_attributes":["data_asset"],"name":"Customers Filtered","asset_type":"data_asset","created_at":"2023-03-13T11:57:13Z","description":"This data asset is automatically created by DataStage flow Flow-For-DB2 target node Customer_filtered_table path  /DB2SATHYA3/CURRENTCUSTOMERS1","origin_country":"none","owner_id":"1000331003","project_id":"3b42da55-6f87-4553-acfc-c7ee611d8468","size":0,"tags":["connected-data"],"usage":{"last_update_time":1678708633545,"last_updated_at":"2023-03-13T11:57:13Z"}},"entity":{"data_asset":{"dataset":true,"mime_type":"application/octet-stream"}},"attachments":[{"id":"b722654e-831c-4582-af8a-ac4ac66e999f","version":2,"asset_type":"data_asset","description":"the attachment is created from ds-canvas","connection_id":"79e7089a-9a56-4724-bfb4-1599a52b7723","connection_path":"/DB2SATHYA3/CURRENTCUSTOMERS1","datasource_type":"8c1a4480-1c29-4b33-9086-9cb799d7b157","creator_id":"1000331003","create_time":1678708633558,"size":0,"is_remote":true,"is_managed":false,"is_referenced":false,"is_object_key_read_only":false,"is_user_provided_path_key":true,"transfer_complete":true,"is_partitioned":false,"complete_time_ticks":1678708633558,"user_data":{},"test_doc":0,"usage":{"access_count":0,"last_accessor_id":"1000331003","last_access_time":1678708633558}}]}