[{"metadata":{"asset_id":"57871dad-72ba-4de3-aed0-041b8eda829d","asset_type":"data_intg_flow","catalog_id":"1049a124-ed08-4cab-9296-3a7549fbe532","create_time":"2023-03-13T12:59:12.000Z","creator_id":"1000331003","name":"Flow-for-Sequential-Files-with-Subflow","origin_country":"us","size":40133,"project_id":"3b42da55-6f87-4553-acfc-c7ee611d8468","resource_key":"3b42da55-6f87-4553-acfc-c7ee611d8468/data_intg_flow/Flow-for-Sequential-Files-with-Subflow","description":"","usage":{"last_access_time":"2023-03-13T13:04:38.885Z","last_accessor_id":"1000331003","access_count":0}},"entity":{"data_intg_flow":{"mime_type":"application/json","dataset":false}},"attachments":[{"test_doc":0,"object_key":"data_intg_flow/3b42da55-6f87-4553-acfc-c7ee611d846857871dad-72ba-4de3-aed0-041b8eda829dpx_executables","create_time":1678712606329,"complete_time_ticks":1678712606329,"mime":"application/octet-stream","usage":{"access_count":0,"last_accessor_id":"1000331003","last_access_time":1678712606329},"is_remote":false,"handle":{"max_part_num":1,"upload_id":"done","type":"assetfiles","key":"data_intg_flow/3b42da55-6f87-4553-acfc-c7ee611d846857871dad-72ba-4de3-aed0-041b8eda829dpx_executables"},"is_user_provided_path_key":true,"user_data":{},"version":2,"size":1339,"is_partitioned":false,"datasource_type":"81bafdbd-b7c6-45c5-a4fd-6ec135f66f4e","transfer_complete":true,"asset_type":"data_intg_flow","name":"px_executables","creator_id":"1000331003","id":"fcefc680-04f2-43a0-a92c-96fdb04a22a4","is_referenced":true,"is_managed":false,"is_object_key_read_only":false},{"test_doc":0,"object_key":"data_intg_flow/3b42da55-6f87-4553-acfc-c7ee611d846857871dad-72ba-4de3-aed0-041b8eda829d","create_time":1678712678883,"complete_time_ticks":1678712678883,"mime":"application/json","usage":{"access_count":0,"last_accessor_id":"1000331003","last_access_time":1678712678883},"is_remote":false,"handle":{"max_part_num":1,"upload_id":"done","type":"assetfiles","key":"data_intg_flow/3b42da55-6f87-4553-acfc-c7ee611d846857871dad-72ba-4de3-aed0-041b8eda829d"},"is_user_provided_path_key":true,"user_data":{},"version":2,"size":38794,"is_partitioned":false,"datasource_type":"81bafdbd-b7c6-45c5-a4fd-6ec135f66f4e","transfer_complete":true,"asset_type":"data_intg_flow","name":"data_intg_flows","creator_id":"1000331003","id":"c7fe914c-e1a1-4581-b490-d4a96801d1e8","is_referenced":true,"is_managed":false,"is_object_key_read_only":false}]}]