[{"metadata":{"asset_id":"e6a2b5e6-08e1-4640-a88e-ffbce57b5950","asset_type":"data_intg_flow","catalog_id":"1049a124-ed08-4cab-9296-3a7549fbe532","create_time":"2023-03-13T10:01:29.000Z","creator_id":"1000331003","name":"Flow-For-DB2","origin_country":"us","size":29785,"project_id":"3b42da55-6f87-4553-acfc-c7ee611d8468","resource_key":"3b42da55-6f87-4553-acfc-c7ee611d8468/data_intg_flow/Flow-For-DB2","description":"Flow-For-DB2","usage":{"last_access_time":"2023-03-13T12:22:34.690Z","last_accessor_id":"1000331003","access_count":0}},"entity":{"data_intg_flow":{"mime_type":"application/json","dataset":false}},"attachments":[{"test_doc":0,"object_key":"data_intg_flow/3b42da55-6f87-4553-acfc-c7ee611d8468e6a2b5e6-08e1-4640-a88e-ffbce57b5950px_executables","create_time":1678708586350,"complete_time_ticks":1678708586350,"mime":"application/octet-stream","usage":{"access_count":0,"last_accessor_id":"1000331003","last_access_time":1678708586350},"is_remote":false,"handle":{"max_part_num":1,"upload_id":"done","type":"assetfiles","key":"data_intg_flow/3b42da55-6f87-4553-acfc-c7ee611d8468e6a2b5e6-08e1-4640-a88e-ffbce57b5950px_executables"},"is_user_provided_path_key":true,"user_data":{},"version":2,"size":2388,"is_partitioned":false,"datasource_type":"81bafdbd-b7c6-45c5-a4fd-6ec135f66f4e","transfer_complete":true,"asset_type":"data_intg_flow","name":"px_executables","creator_id":"1000331003","id":"468a1dc8-aef7-4262-9e84-d28878121a92","is_referenced":true,"is_managed":false,"is_object_key_read_only":false},{"test_doc":0,"object_key":"data_intg_flow/3b42da55-6f87-4553-acfc-c7ee611d8468e6a2b5e6-08e1-4640-a88e-ffbce57b5950","create_time":1678710154689,"complete_time_ticks":1678710154689,"mime":"application/json","usage":{"access_count":0,"last_accessor_id":"1000331003","last_access_time":1678710154689},"is_remote":false,"handle":{"max_part_num":1,"upload_id":"done","type":"assetfiles","key":"data_intg_flow/3b42da55-6f87-4553-acfc-c7ee611d8468e6a2b5e6-08e1-4640-a88e-ffbce57b5950"},"is_user_provided_path_key":true,"user_data":{},"version":2,"size":27397,"is_partitioned":false,"datasource_type":"81bafdbd-b7c6-45c5-a4fd-6ec135f66f4e","transfer_complete":true,"asset_type":"data_intg_flow","name":"data_intg_flows","creator_id":"1000331003","id":"15ada4a1-5753-47eb-8e07-d6cf148ab614","is_referenced":true,"is_managed":false,"is_object_key_read_only":false}]}]