{"metadata":{"asset_id":"06e39111-6d01-4a7d-b375-a2782c7f7db5","asset_type":"data_definition","create_time":"2023-03-13T12:16:35.000Z","creator_id":"1000331003","href":"/v2/assets/06e39111-6d01-4a7d-b375-a2782c7f7db5?project_id=3b42da55-6f87-4553-acfc-c7ee611d8468","name":"Customer_Source","description":"","project_id":"3b42da55-6f87-4553-acfc-c7ee611d8468","usage":{"last_modification_time":"2023-03-13T12:16:35.586Z","last_modifier_id":"1000331003","last_access_time":"2023-03-13T12:16:35.586Z","last_accessor_id":"1000331003","access_count":0}},"entity":{"data_asset":{"mime_type":"application/json","dataset":true,"columns":[{"name":"CUST_ID","type":{"nullable":true,"length":5,"scale":0,"signed":true,"type":"SMALLINT"},"properties":{"sqltype":1,"key_position":1,"field_pos":1,"extended_precision":0,"tagged_subrec":0,"ds_data_type":"WSMQ.QUEUENAME","description":" ","occurs":0,"occurs_varying":0,"primary_key":false,"level_no":0,"extended":"","ds_sync_indicator":0,"pad_char":"","data_element":"null","MisFieldProperties":"","ds_scd_purpose":0,"sign_option":0,"display_size":0}},{"name":"CUSTNAME","type":{"nullable":true,"length":20,"scale":0,"signed":false,"type":"VARCHAR"},"properties":{"sqltype":1,"key_position":1,"field_pos":1,"extended_precision":0,"tagged_subrec":0,"ds_data_type":"WSMQ.QUEUENAME","description":" ","occurs":0,"occurs_varying":0,"primary_key":false,"level_no":0,"extended":"","ds_sync_indicator":0,"pad_char":"","data_element":"null","MisFieldProperties":"","ds_scd_purpose":0,"sign_option":0,"display_size":0}},{"name":"CITY","type":{"nullable":true,"length":19,"scale":0,"signed":false,"type":"VARCHAR"},"properties":{"sqltype":1,"key_position":1,"field_pos":1,"extended_precision":0,"tagged_subrec":0,"ds_data_type":"WSMQ.QUEUENAME","description":" ","occurs":0,"occurs_varying":0,"primary_key":false,"level_no":0,"extended":"","ds_sync_indicator":0,"pad_char":"","data_element":"null","MisFieldProperties":"","ds_scd_purpose":0,"sign_option":0,"display_size":0}},{"name":"STATE","type":{"nullable":true,"length":3,"scale":0,"signed":false,"type":"VARCHAR"},"properties":{"sqltype":1,"key_position":1,"field_pos":1,"extended_precision":0,"tagged_subrec":0,"ds_data_type":"WSMQ.QUEUENAME","description":" ","occurs":0,"occurs_varying":0,"primary_key":false,"level_no":0,"extended":"","ds_sync_indicator":0,"pad_char":"","data_element":"null","MisFieldProperties":"","ds_scd_purpose":0,"sign_option":0,"display_size":0}},{"name":"COUNTRY_CODE","type":{"nullable":true,"length":2,"scale":0,"signed":false,"type":"VARCHAR"},"properties":{"sqltype":1,"key_position":1,"field_pos":1,"extended_precision":0,"tagged_subrec":0,"ds_data_type":"WSMQ.QUEUENAME","description":" ","occurs":0,"occurs_varying":0,"primary_key":false,"level_no":0,"extended":"","ds_sync_indicator":0,"pad_char":"","data_element":"null","MisFieldProperties":"","ds_scd_purpose":0,"sign_option":0,"display_size":0}},{"name":"POSTAL_CODE","type":{"nullable":true,"length":8,"scale":0,"signed":false,"type":"VARCHAR"},"properties":{"sqltype":1,"key_position":1,"field_pos":1,"extended_precision":0,"tagged_subrec":0,"ds_data_type":"WSMQ.QUEUENAME","description":" ","occurs":0,"occurs_varying":0,"primary_key":false,"level_no":0,"extended":"","ds_sync_indicator":0,"pad_char":"","data_element":"null","MisFieldProperties":"","ds_scd_purpose":0,"sign_option":0,"display_size":0}},{"name":"EMAIL_ADDRESS","type":{"nullable":true,"length":37,"scale":0,"signed":false,"type":"VARCHAR"},"properties":{"sqltype":1,"key_position":1,"field_pos":1,"extended_precision":0,"tagged_subrec":0,"ds_data_type":"WSMQ.QUEUENAME","description":" ","occurs":0,"occurs_varying":0,"primary_key":false,"level_no":0,"extended":"","ds_sync_indicator":0,"pad_char":"","data_element":"null","MisFieldProperties":"","ds_scd_purpose":0,"sign_option":0,"display_size":0}},{"name":"PHONE_NUMBER","type":{"nullable":true,"length":12,"scale":0,"signed":false,"type":"VARCHAR"},"properties":{"sqltype":1,"key_position":1,"field_pos":1,"extended_precision":0,"tagged_subrec":0,"ds_data_type":"WSMQ.QUEUENAME","description":" ","occurs":0,"occurs_varying":0,"primary_key":false,"level_no":0,"extended":"","ds_sync_indicator":0,"pad_char":"","data_element":"null","MisFieldProperties":"","ds_scd_purpose":0,"sign_option":0,"display_size":0}},{"name":"YTD_SALES","type":{"nullable":true,"length":8,"scale":2,"signed":true,"type":"DECIMAL"},"properties":{"sqltype":1,"key_position":1,"field_pos":1,"extended_precision":0,"tagged_subrec":0,"ds_data_type":"WSMQ.QUEUENAME","description":" ","occurs":0,"occurs_varying":0,"primary_key":false,"level_no":0,"extended":"","ds_sync_indicator":0,"pad_char":"","data_element":"null","MisFieldProperties":"","ds_scd_purpose":0,"sign_option":0,"display_size":0}},{"name":"SALESREP_ID","type":{"nullable":true,"length":5,"scale":0,"signed":false,"type":"VARCHAR"},"properties":{"sqltype":1,"key_position":1,"field_pos":1,"extended_precision":0,"tagged_subrec":0,"ds_data_type":"WSMQ.QUEUENAME","description":" ","occurs":0,"occurs_varying":0,"primary_key":false,"level_no":0,"extended":"","ds_sync_indicator":0,"pad_char":"","data_element":"null","MisFieldProperties":"","ds_scd_purpose":0,"sign_option":0,"display_size":0}},{"name":"NATIONALITY","type":{"nullable":true,"length":4,"scale":0,"signed":false,"type":"VARCHAR"},"properties":{"sqltype":1,"key_position":1,"field_pos":1,"extended_precision":0,"tagged_subrec":0,"ds_data_type":"WSMQ.QUEUENAME","description":" ","occurs":0,"occurs_varying":0,"primary_key":false,"level_no":0,"extended":"","ds_sync_indicator":0,"pad_char":"","data_element":"null","MisFieldProperties":"","ds_scd_purpose":0,"sign_option":0,"display_size":0}},{"name":"NATIONAL_ID","type":{"nullable":true,"length":11,"scale":0,"signed":false,"type":"VARCHAR"},"properties":{"sqltype":1,"key_position":1,"field_pos":1,"extended_precision":0,"tagged_subrec":0,"ds_data_type":"WSMQ.QUEUENAME","description":" ","occurs":0,"occurs_varying":0,"primary_key":false,"level_no":0,"extended":"","ds_sync_indicator":0,"pad_char":"","data_element":"null","MisFieldProperties":"","ds_scd_purpose":0,"sign_option":0,"display_size":0}},{"name":"CREDITCARD_NUMBER","type":{"nullable":true,"length":19,"scale":0,"signed":true,"type":"BIGINT"},"properties":{"sqltype":1,"key_position":1,"field_pos":1,"extended_precision":0,"tagged_subrec":0,"ds_data_type":"WSMQ.QUEUENAME","description":" ","occurs":0,"occurs_varying":0,"primary_key":false,"level_no":0,"extended":"","ds_sync_indicator":0,"pad_char":"","data_element":"null","MisFieldProperties":"","ds_scd_purpose":0,"sign_option":0,"display_size":0}},{"name":"CREDITCARD_TYPE","type":{"nullable":true,"length":16,"scale":0,"signed":false,"type":"VARCHAR"},"properties":{"sqltype":1,"key_position":1,"field_pos":1,"extended_precision":0,"tagged_subrec":0,"ds_data_type":"WSMQ.QUEUENAME","description":" ","occurs":0,"occurs_varying":0,"primary_key":false,"level_no":0,"extended":"","ds_sync_indicator":0,"pad_char":"","data_element":"null","MisFieldProperties":"","ds_scd_purpose":0,"sign_option":0,"display_size":0}},{"name":"CREDITCARD_EXP","type":{"nullable":true,"length":5,"scale":0,"signed":false,"type":"VARCHAR"},"properties":{"sqltype":1,"key_position":1,"field_pos":1,"extended_precision":0,"tagged_subrec":0,"ds_data_type":"WSMQ.QUEUENAME","description":" ","occurs":0,"occurs_varying":0,"primary_key":false,"level_no":0,"extended":"","ds_sync_indicator":0,"pad_char":"","data_element":"null","MisFieldProperties":"","ds_scd_purpose":0,"sign_option":0,"display_size":0}},{"name":"CREDITCARD_CVV","type":{"nullable":true,"length":5,"scale":0,"signed":true,"type":"SMALLINT"},"properties":{"sqltype":1,"key_position":1,"field_pos":1,"extended_precision":0,"tagged_subrec":0,"ds_data_type":"WSMQ.QUEUENAME","description":" ","occurs":0,"occurs_varying":0,"primary_key":false,"level_no":0,"extended":"","ds_sync_indicator":0,"pad_char":"","data_element":"null","MisFieldProperties":"","ds_scd_purpose":0,"sign_option":0,"display_size":0}}],"additionalProperties":{}},"column_info":{},"data_definition":{},"ds_info":{}}}