{"metadata":{"asset_id":"70a71e90-0732-4a78-9120-6ece020a0e89","asset_attributes":["data_asset"],"name":"DataStageaaS-Transformation-Flow-2023-02-23.zip","asset_type":"data_asset","created_at":"2023-03-07T21:29:01Z","origin_country":"us","owner_id":"1000331003","project_id":"3b42da55-6f87-4553-acfc-c7ee611d8468","size":1186514,"usage":{"last_update_time":1678224541208,"last_updated_at":"2023-03-07T21:29:01Z"}},"entity":{"data_asset":{"mime_type":"application/zip","dataset":false}},"attachments":[{"id":"da290e6a-baa6-4a75-b7e7-4418a021757a","version":2,"asset_type":"data_asset","name":"DataStageaaS-Transformation-Flow-2023-02-23.zip","mime":"application/zip","datasource_type":"81bafdbd-b7c6-45c5-a4fd-6ec135f66f4e","object_key":"data_asset/DataStageaaS-Transformation-Flow-2023-02-23.zip","creator_id":"1000331003","create_time":1678224541224,"size":1186514,"is_remote":false,"is_managed":false,"is_referenced":true,"is_object_key_read_only":true,"is_user_provided_path_key":true,"transfer_complete":true,"is_partitioned":false,"complete_time_ticks":1678224541224,"user_data":{},"test_doc":0,"handle":{"type":"assetfiles","key":"data_asset/DataStageaaS-Transformation-Flow-2023-02-23.zip","upload_id":"done","max_part_num":1},"usage":{"access_count":0,"last_accessor_id":"1000331003","last_access_time":1678224541224}}]}