[{"metadata":{"asset_id":"b3605587-d970-4e6c-ab17-6993807fccd8","asset_type":"data_intg_flow","catalog_id":"1049a124-ed08-4cab-9296-3a7549fbe532","create_time":"2023-03-13T12:44:50.000Z","creator_id":"1000331003","name":"Flow-For-DB2-with-ParameterSet","origin_country":"us","size":30092,"project_id":"3b42da55-6f87-4553-acfc-c7ee611d8468","resource_key":"3b42da55-6f87-4553-acfc-c7ee611d8468/data_intg_flow/Flow-For-DB2-with-ParameterSet","description":"","usage":{"last_access_time":"2023-03-13T12:57:20.606Z","last_accessor_id":"1000331003","access_count":0}},"entity":{"data_intg_flow":{"mime_type":"application/json","dataset":false}},"attachments":[{"test_doc":0,"object_key":"data_intg_flow/3b42da55-6f87-4553-acfc-c7ee611d8468b3605587-d970-4e6c-ab17-6993807fccd8","create_time":1678712233961,"complete_time_ticks":1678712233961,"mime":"application/json","usage":{"access_count":0,"last_accessor_id":"1000331003","last_access_time":1678712233961},"is_remote":false,"handle":{"max_part_num":1,"upload_id":"done","type":"assetfiles","key":"data_intg_flow/3b42da55-6f87-4553-acfc-c7ee611d8468b3605587-d970-4e6c-ab17-6993807fccd8"},"is_user_provided_path_key":true,"user_data":{},"version":2,"size":27668,"is_partitioned":false,"datasource_type":"81bafdbd-b7c6-45c5-a4fd-6ec135f66f4e","transfer_complete":true,"asset_type":"data_intg_flow","name":"data_intg_flows","creator_id":"1000331003","id":"988d82f3-5816-4020-adee-89a071eb1966","is_referenced":true,"is_managed":false,"is_object_key_read_only":false},{"test_doc":0,"object_key":"data_intg_flow/3b42da55-6f87-4553-acfc-c7ee611d8468b3605587-d970-4e6c-ab17-6993807fccd8px_executables","create_time":1678712240598,"complete_time_ticks":1678712240598,"mime":"application/octet-stream","usage":{"access_count":0,"last_accessor_id":"1000331003","last_access_time":1678712240598},"is_remote":false,"handle":{"max_part_num":1,"upload_id":"done","type":"assetfiles","key":"data_intg_flow/3b42da55-6f87-4553-acfc-c7ee611d8468b3605587-d970-4e6c-ab17-6993807fccd8px_executables"},"is_user_provided_path_key":true,"user_data":{},"version":2,"size":2424,"is_partitioned":false,"datasource_type":"81bafdbd-b7c6-45c5-a4fd-6ec135f66f4e","transfer_complete":true,"asset_type":"data_intg_flow","name":"px_executables","creator_id":"1000331003","id":"24df84a6-2c60-47a3-9afa-60cefe268da1","is_referenced":true,"is_managed":false,"is_object_key_read_only":false}]}]