[{"metadata":{"asset_id":"e7fb718b-758d-46c3-8a49-b16a8388e135","asset_type":"data_intg_flow","catalog_id":"1049a124-ed08-4cab-9296-3a7549fbe532","create_time":"2023-03-13T13:07:05.000Z","creator_id":"1000331003","name":"Flow-for-DB2-with-Subflow","origin_country":"us","size":43550,"project_id":"3b42da55-6f87-4553-acfc-c7ee611d8468","resource_key":"3b42da55-6f87-4553-acfc-c7ee611d8468/data_intg_flow/Flow-for-DB2-with-Subflow","description":"","usage":{"last_access_time":"2023-03-13T13:08:59.846Z","last_accessor_id":"1000331003","access_count":0}},"entity":{"data_intg_flow":{"mime_type":"application/json","dataset":false}},"attachments":[{"test_doc":0,"object_key":"data_intg_flow/3b42da55-6f87-4553-acfc-c7ee611d8468e7fb718b-758d-46c3-8a49-b16a8388e135","create_time":1678712935482,"complete_time_ticks":1678712935482,"mime":"application/json","usage":{"access_count":0,"last_accessor_id":"1000331003","last_access_time":1678712935482},"is_remote":false,"handle":{"max_part_num":1,"upload_id":"done","type":"assetfiles","key":"data_intg_flow/3b42da55-6f87-4553-acfc-c7ee611d8468e7fb718b-758d-46c3-8a49-b16a8388e135"},"is_user_provided_path_key":true,"user_data":{},"version":2,"size":41062,"is_partitioned":false,"datasource_type":"81bafdbd-b7c6-45c5-a4fd-6ec135f66f4e","transfer_complete":true,"asset_type":"data_intg_flow","name":"data_intg_flows","creator_id":"1000331003","id":"a480c98e-c7e0-4842-a997-2ad71ce03abb","is_referenced":true,"is_managed":false,"is_object_key_read_only":false},{"test_doc":0,"object_key":"data_intg_flow/3b42da55-6f87-4553-acfc-c7ee611d8468e7fb718b-758d-46c3-8a49-b16a8388e135px_executables","create_time":1678712939845,"complete_time_ticks":1678712939845,"mime":"application/octet-stream","usage":{"access_count":0,"last_accessor_id":"1000331003","last_access_time":1678712939845},"is_remote":false,"handle":{"max_part_num":1,"upload_id":"done","type":"assetfiles","key":"data_intg_flow/3b42da55-6f87-4553-acfc-c7ee611d8468e7fb718b-758d-46c3-8a49-b16a8388e135px_executables"},"is_user_provided_path_key":true,"user_data":{},"version":2,"size":2488,"is_partitioned":false,"datasource_type":"81bafdbd-b7c6-45c5-a4fd-6ec135f66f4e","transfer_complete":true,"asset_type":"data_intg_flow","name":"px_executables","creator_id":"1000331003","id":"601ff075-efac-4753-b6c2-2cee82af552d","is_referenced":true,"is_managed":false,"is_object_key_read_only":false}]}]