[{"metadata":{"asset_id":"e55a1793-8c0b-4ab7-94b4-74432d4c8b1c","asset_type":"data_intg_flow","catalog_id":"1049a124-ed08-4cab-9296-3a7549fbe532","create_time":"2023-03-13T12:22:43.000Z","creator_id":"1000331003","name":"Flow-For-Sequential-Files","origin_country":"us","size":30407,"project_id":"3b42da55-6f87-4553-acfc-c7ee611d8468","resource_key":"3b42da55-6f87-4553-acfc-c7ee611d8468/data_intg_flow/Flow-For-Sequential-Files","description":"","usage":{"last_access_time":"2023-03-13T12:38:07.362Z","last_accessor_id":"1000331003","access_count":0}},"entity":{"data_intg_flow":{"mime_type":"application/json","dataset":false}},"attachments":[{"test_doc":0,"object_key":"data_intg_flow/3b42da55-6f87-4553-acfc-c7ee611d8468e55a1793-8c0b-4ab7-94b4-74432d4c8b1c","create_time":1678711059012,"complete_time_ticks":1678711059012,"mime":"application/json","usage":{"access_count":0,"last_accessor_id":"1000331003","last_access_time":1678711059012},"is_remote":false,"handle":{"max_part_num":1,"upload_id":"done","type":"assetfiles","key":"data_intg_flow/3b42da55-6f87-4553-acfc-c7ee611d8468e55a1793-8c0b-4ab7-94b4-74432d4c8b1c"},"is_user_provided_path_key":true,"user_data":{},"version":2,"size":29181,"is_partitioned":false,"datasource_type":"81bafdbd-b7c6-45c5-a4fd-6ec135f66f4e","transfer_complete":true,"asset_type":"data_intg_flow","name":"data_intg_flows","creator_id":"1000331003","id":"78ebe518-754a-4d26-8d1f-8180f7d09241","is_referenced":true,"is_managed":false,"is_object_key_read_only":false},{"test_doc":0,"object_key":"data_intg_flow/3b42da55-6f87-4553-acfc-c7ee611d8468e55a1793-8c0b-4ab7-94b4-74432d4c8b1cpx_executables","create_time":1678711087361,"complete_time_ticks":1678711087361,"mime":"application/octet-stream","usage":{"access_count":0,"last_accessor_id":"1000331003","last_access_time":1678711087361},"is_remote":false,"handle":{"max_part_num":1,"upload_id":"done","type":"assetfiles","key":"data_intg_flow/3b42da55-6f87-4553-acfc-c7ee611d8468e55a1793-8c0b-4ab7-94b4-74432d4c8b1cpx_executables"},"is_user_provided_path_key":true,"user_data":{},"version":2,"size":1226,"is_partitioned":false,"datasource_type":"81bafdbd-b7c6-45c5-a4fd-6ec135f66f4e","transfer_complete":true,"asset_type":"data_intg_flow","name":"px_executables","creator_id":"1000331003","id":"37fc6376-1dd7-462f-9dd1-b74ec2856385","is_referenced":true,"is_managed":false,"is_object_key_read_only":false}]}]