[{"metadata":{"asset_id":"48484223-6e1c-4dcf-bd8a-0c137867a680","asset_type":"data_intg_flow","catalog_id":"1049a124-ed08-4cab-9296-3a7549fbe532","create_time":"2023-03-13T12:11:44.000Z","creator_id":"1000331003","name":"Flow-For-DB2_copy_1678709504503","origin_country":"us","size":27322,"project_id":"3b42da55-6f87-4553-acfc-c7ee611d8468","resource_key":"3b42da55-6f87-4553-acfc-c7ee611d8468/data_intg_flow/Flow-For-DB2_copy_1678709504503","description":"Flow-For-DB2","usage":{"last_access_time":"2023-03-13T12:11:45.098Z","last_accessor_id":"1000331003","access_count":0}},"entity":{"data_intg_flow":{"mime_type":"application/json","dataset":false}},"attachments":[{"test_doc":0,"object_key":"data_intg_flow/3b42da55-6f87-4553-acfc-c7ee611d846848484223-6e1c-4dcf-bd8a-0c137867a680","create_time":1678709505096,"complete_time_ticks":1678709505096,"mime":"application/json","usage":{"access_count":0,"last_accessor_id":"1000331003","last_access_time":1678709505096},"is_remote":false,"handle":{"max_part_num":1,"upload_id":"done","type":"assetfiles","key":"data_intg_flow/3b42da55-6f87-4553-acfc-c7ee611d846848484223-6e1c-4dcf-bd8a-0c137867a680"},"is_user_provided_path_key":true,"user_data":{},"version":2,"size":27322,"is_partitioned":false,"datasource_type":"81bafdbd-b7c6-45c5-a4fd-6ec135f66f4e","transfer_complete":true,"asset_type":"data_intg_flow","name":"data_intg_flows","creator_id":"1000331003","id":"d8ce14e9-a09d-4ebd-80dd-8aa278a9b255","is_referenced":true,"is_managed":false,"is_object_key_read_only":false}]}]