{"metadata":{"asset_id":"6117eeea-ea4e-4a08-af11-b3b60fa1aaab","asset_attributes":["data_asset"],"name":"employee_data.xls","asset_type":"data_asset","created_at":"2023-03-07T21:23:55Z","origin_country":"us","owner_id":"1000331003","project_id":"3b42da55-6f87-4553-acfc-c7ee611d8468","size":3396096,"usage":{"last_update_time":1678224235570,"last_updated_at":"2023-03-07T21:23:55Z"}},"entity":{"data_asset":{"mime_type":"application/x-msexcel","dataset":false}},"attachments":[{"id":"0ae8d476-41f1-46df-9778-b5eb578146a8","version":2,"asset_type":"data_asset","name":"employee_data.xls","mime":"application/x-msexcel","datasource_type":"81bafdbd-b7c6-45c5-a4fd-6ec135f66f4e","object_key":"data_asset/employee_data.xls","creator_id":"1000331003","create_time":1678224235599,"size":3396096,"is_remote":false,"is_managed":false,"is_referenced":true,"is_object_key_read_only":true,"is_user_provided_path_key":true,"transfer_complete":true,"is_partitioned":false,"complete_time_ticks":1678224235599,"user_data":{},"test_doc":0,"handle":{"type":"assetfiles","key":"data_asset/employee_data.xls","upload_id":"done","max_part_num":1},"usage":{"access_count":0,"last_accessor_id":"1000331003","last_access_time":1678224235599}}]}