[{"metadata":{"asset_id":"0199605f-e8f2-4c1d-8222-88074ab11802","asset_type":"data_intg_flow","catalog_id":"1049a124-ed08-4cab-9296-3a7549fbe532","create_time":"2023-03-13T12:39:26.000Z","creator_id":"1000331003","name":"Flow-for-Sequential-Files-with-Parameters","origin_country":"us","size":30674,"project_id":"3b42da55-6f87-4553-acfc-c7ee611d8468","resource_key":"3b42da55-6f87-4553-acfc-c7ee611d8468/data_intg_flow/Flow-for-Sequential-Files-with-Parameters","description":"","usage":{"last_access_time":"2023-03-13T12:43:55.149Z","last_accessor_id":"1000331003","access_count":0}},"entity":{"data_intg_flow":{"mime_type":"application/json","dataset":false}},"attachments":[{"test_doc":0,"object_key":"data_intg_flow/3b42da55-6f87-4553-acfc-c7ee611d84680199605f-e8f2-4c1d-8222-88074ab11802","create_time":1678711425590,"complete_time_ticks":1678711425590,"mime":"application/json","usage":{"access_count":0,"last_accessor_id":"1000331003","last_access_time":1678711425590},"is_remote":false,"handle":{"max_part_num":1,"upload_id":"done","type":"assetfiles","key":"data_intg_flow/3b42da55-6f87-4553-acfc-c7ee611d84680199605f-e8f2-4c1d-8222-88074ab11802"},"is_user_provided_path_key":true,"user_data":{},"version":2,"size":29440,"is_partitioned":false,"datasource_type":"81bafdbd-b7c6-45c5-a4fd-6ec135f66f4e","transfer_complete":true,"asset_type":"data_intg_flow","name":"data_intg_flows","creator_id":"1000331003","id":"9b98ce59-5e31-4f20-806f-0974f9949635","is_referenced":true,"is_managed":false,"is_object_key_read_only":false},{"test_doc":0,"object_key":"data_intg_flow/3b42da55-6f87-4553-acfc-c7ee611d84680199605f-e8f2-4c1d-8222-88074ab11802px_executables","create_time":1678711435147,"complete_time_ticks":1678711435147,"mime":"application/octet-stream","usage":{"access_count":0,"last_accessor_id":"1000331003","last_access_time":1678711435147},"is_remote":false,"handle":{"max_part_num":1,"upload_id":"done","type":"assetfiles","key":"data_intg_flow/3b42da55-6f87-4553-acfc-c7ee611d84680199605f-e8f2-4c1d-8222-88074ab11802px_executables"},"is_user_provided_path_key":true,"user_data":{},"version":2,"size":1234,"is_partitioned":false,"datasource_type":"81bafdbd-b7c6-45c5-a4fd-6ec135f66f4e","transfer_complete":true,"asset_type":"data_intg_flow","name":"px_executables","creator_id":"1000331003","id":"bfb9031d-ccb9-475c-9837-654e2123fca8","is_referenced":true,"is_managed":false,"is_object_key_read_only":false}]}]