{"metadata":{"asset_id":"465d307b-840e-43c9-944c-77e9650e39e9","asset_attributes":["data_asset"],"name":"Customers.csv","asset_type":"data_asset","created_at":"2023-03-08T18:17:49Z","origin_country":"us","owner_id":"1000331003","project_id":"3b42da55-6f87-4553-acfc-c7ee611d8468","size":15224,"usage":{"last_update_time":1678299469124,"last_updated_at":"2023-03-08T18:17:49Z"}},"entity":{"data_asset":{"mime_type":"text/csv","dataset":false}},"attachments":[{"id":"d359264a-e69e-4489-8182-572777be90a4","version":2,"asset_type":"data_asset","name":"Customers.csv","mime":"text/csv","datasource_type":"81bafdbd-b7c6-45c5-a4fd-6ec135f66f4e","object_key":"data_asset/Customers.csv","creator_id":"1000331003","create_time":1678299469157,"size":15224,"is_remote":false,"is_managed":false,"is_referenced":true,"is_object_key_read_only":true,"is_user_provided_path_key":true,"transfer_complete":true,"is_partitioned":false,"complete_time_ticks":1678299469157,"user_data":{},"test_doc":0,"handle":{"type":"assetfiles","key":"data_asset/Customers.csv","upload_id":"done","max_part_num":1},"usage":{"access_count":0,"last_accessor_id":"1000331003","last_access_time":1678299469157}}]}