[{"metadata":{"asset_id":"a4aba357-52f5-46db-a7fd-423d5f8b6491","asset_type":"data_intg_flow","catalog_id":"1049a124-ed08-4cab-9296-3a7549fbe532","create_time":"2023-03-13T13:09:35.000Z","creator_id":"1000331003","name":"Flow-for-DB2-with-Subflow_with_WORKAROUND","origin_country":"us","size":40462,"project_id":"3b42da55-6f87-4553-acfc-c7ee611d8468","resource_key":"3b42da55-6f87-4553-acfc-c7ee611d8468/data_intg_flow/Flow-for-DB2-with-Subflow_with_WORKAROUND","description":"","usage":{"last_access_time":"2023-03-13T13:11:02.422Z","last_accessor_id":"1000331003","access_count":0}},"entity":{"data_intg_flow":{"mime_type":"application/json","dataset":false}},"attachments":[{"test_doc":0,"object_key":"data_intg_flow/3b42da55-6f87-4553-acfc-c7ee611d8468a4aba357-52f5-46db-a7fd-423d5f8b6491","create_time":1678713057144,"complete_time_ticks":1678713057144,"mime":"application/json","usage":{"access_count":0,"last_accessor_id":"1000331003","last_access_time":1678713057144},"is_remote":false,"handle":{"max_part_num":1,"upload_id":"done","type":"assetfiles","key":"data_intg_flow/3b42da55-6f87-4553-acfc-c7ee611d8468a4aba357-52f5-46db-a7fd-423d5f8b6491"},"is_user_provided_path_key":true,"user_data":{},"version":2,"size":38648,"is_partitioned":false,"datasource_type":"81bafdbd-b7c6-45c5-a4fd-6ec135f66f4e","transfer_complete":true,"asset_type":"data_intg_flow","name":"data_intg_flows","creator_id":"1000331003","id":"715edf80-a98a-4442-8525-1fd5d28d9530","is_referenced":true,"is_managed":false,"is_object_key_read_only":false},{"test_doc":0,"object_key":"data_intg_flow/3b42da55-6f87-4553-acfc-c7ee611d8468a4aba357-52f5-46db-a7fd-423d5f8b6491px_executables","create_time":1678713062421,"complete_time_ticks":1678713062421,"mime":"application/octet-stream","usage":{"access_count":0,"last_accessor_id":"1000331003","last_access_time":1678713062421},"is_remote":false,"handle":{"max_part_num":1,"upload_id":"done","type":"assetfiles","key":"data_intg_flow/3b42da55-6f87-4553-acfc-c7ee611d8468a4aba357-52f5-46db-a7fd-423d5f8b6491px_executables"},"is_user_provided_path_key":true,"user_data":{},"version":2,"size":1814,"is_partitioned":false,"datasource_type":"81bafdbd-b7c6-45c5-a4fd-6ec135f66f4e","transfer_complete":true,"asset_type":"data_intg_flow","name":"px_executables","creator_id":"1000331003","id":"ea3ef9a8-9cdc-460d-a10d-1abccf270524","is_referenced":true,"is_managed":false,"is_object_key_read_only":false}]}]