[{"metadata":{"asset_id":"a5e678a7-3525-41af-aeda-342e25965b69","asset_type":"data_intg_subflow","catalog_id":"1049a124-ed08-4cab-9296-3a7549fbe532","create_time":"2023-03-13T13:04:31.000Z","creator_id":"1000331003","name":"Filter and Sort Customer Data","origin_country":"us","size":25609,"project_id":"3b42da55-6f87-4553-acfc-c7ee611d8468","resource_key":"3b42da55-6f87-4553-acfc-c7ee611d8468/data_intg_subflow/Filter and Sort Customer Data","description":"Subflow to filter and sort customer data","usage":{"last_access_time":"2023-03-13T13:04:32.066Z","last_accessor_id":"1000331003","access_count":0}},"entity":{"data_intg_subflow":{"mime_type":"application/json","dataset":false}},"attachments":[{"test_doc":0,"object_key":"data_intg_subflow/3b42da55-6f87-4553-acfc-c7ee611d8468a5e678a7-3525-41af-aeda-342e25965b69","create_time":1678712672064,"complete_time_ticks":1678712672064,"mime":"application/json","usage":{"access_count":0,"last_accessor_id":"1000331003","last_access_time":1678712672064},"is_remote":false,"handle":{"max_part_num":1,"upload_id":"done","type":"assetfiles","key":"data_intg_subflow/3b42da55-6f87-4553-acfc-c7ee611d8468a5e678a7-3525-41af-aeda-342e25965b69"},"is_user_provided_path_key":true,"user_data":{},"version":2,"size":25609,"is_partitioned":false,"datasource_type":"81bafdbd-b7c6-45c5-a4fd-6ec135f66f4e","transfer_complete":true,"asset_type":"data_intg_subflow","name":"data_intg_subflows","creator_id":"1000331003","id":"69e247a6-4382-4d52-b9cd-6ab437b35405","is_referenced":true,"is_managed":false,"is_object_key_read_only":false}]}]