{"metadata":{"asset_id":"ff1d5261-b7ef-4a74-9bb4-56aa58ec76dd","asset_attributes":["job"],"name":"Flow-For-Sequential-Files.DataStage job","asset_type":"job","created_at":"2023-03-13T12:38:50Z","origin_country":"us","owner_id":"1000331003","project_id":"3b42da55-6f87-4553-acfc-c7ee611d8468","size":0,"usage":{"last_update_time":1678711130537,"last_updated_at":"2023-03-13T12:38:50Z"}},"entity":{"job":{"asset_ref_type":"data_intg_flow","configuration":{"env_variables":[],"flow_limits":{"warn_limit":100},"env_type":""},"last_run_initiator":"deprecated field","last_run_time":"deprecated field","last_run_status":"deprecated field","last_run_status_timestamp":0,"future_scheduled_runs":[],"enable_notifications":true,"project_name":"DataStage Demo - Sathya","asset_ref":"e55a1793-8c0b-4ab7-94b4-74432d4c8b1c","parameter_sets":[],"schedule_id":"","schedule_creator_id":""}}}