{"metadata":{"asset_id":"e471f78a-6b89-4cb0-82c7-41cc7526089e","asset_attributes":["job"],"name":"Flow-for-Sequential-Files-with-Parameters.DataStage job","asset_type":"job","created_at":"2023-03-13T12:43:56Z","origin_country":"us","owner_id":"1000331003","project_id":"3b42da55-6f87-4553-acfc-c7ee611d8468","size":0,"usage":{"last_update_time":1678711436639,"last_updated_at":"2023-03-13T12:43:56Z"}},"entity":{"job":{"asset_ref_type":"data_intg_flow","configuration":{"env_variables":[],"flow_limits":{"warn_limit":100},"env_type":""},"last_run_initiator":"deprecated field","last_run_time":"deprecated field","last_run_status":"deprecated field","last_run_status_timestamp":0,"future_scheduled_runs":[],"enable_notifications":true,"project_name":"DataStage Demo - Sathya","asset_ref":"0199605f-e8f2-4c1d-8222-88074ab11802","parameter_sets":[],"schedule_id":"","schedule_creator_id":""}}}