{"metadata":{"asset_id":"6e262c6b-eabe-4cc2-b574-6626982653bb","asset_attributes":["job"],"name":"Flow-For-DB2-with-ParameterSet.DataStage job","asset_type":"job","created_at":"2023-03-13T12:57:23Z","origin_country":"us","owner_id":"1000331003","project_id":"3b42da55-6f87-4553-acfc-c7ee611d8468","size":0,"usage":{"last_update_time":1678712243873,"last_updated_at":"2023-03-13T12:57:23Z"}},"entity":{"job":{"asset_ref_type":"data_intg_flow","configuration":{"env_variables":[],"flow_limits":{"warn_limit":100},"env_type":""},"last_run_initiator":"deprecated field","last_run_time":"deprecated field","last_run_status":"deprecated field","last_run_status_timestamp":0,"future_scheduled_runs":[],"enable_notifications":true,"project_name":"DataStage Demo - Sathya","asset_ref":"b3605587-d970-4e6c-ab17-6993807fccd8","parameter_sets":[{"name":"DB_Configuration_Property","ref":"f8814f25-b633-4ee6-8129-632d99b6b9f2"}],"schedule_id":"","schedule_creator_id":""}}}