{"metadata":{"asset_id":"0d7b3758-1d2c-4e91-9fa4-684f83a169a0","asset_attributes":["job"],"name":"Flow-for-Sequential-Files-with-Subflow.DataStage job","asset_type":"job","created_at":"2023-03-13T13:03:28Z","origin_country":"us","owner_id":"1000331003","project_id":"3b42da55-6f87-4553-acfc-c7ee611d8468","size":0,"usage":{"last_update_time":1678712608113,"last_updated_at":"2023-03-13T13:03:28Z"}},"entity":{"job":{"asset_ref_type":"data_intg_flow","configuration":{"env_variables":[],"flow_limits":{"warn_limit":100},"env_type":""},"last_run_initiator":"deprecated field","last_run_time":"deprecated field","last_run_status":"deprecated field","last_run_status_timestamp":0,"future_scheduled_runs":[],"enable_notifications":true,"project_name":"DataStage Demo - Sathya","asset_ref":"57871dad-72ba-4de3-aed0-041b8eda829d","parameter_sets":[],"schedule_id":"","schedule_creator_id":""}}}