{"metadata":{"asset_id":"cf48b226-aeff-4e4a-95f2-53725d9f1e4d","asset_attributes":["job"],"name":"Flow-For-DB2.DataStage job","asset_type":"job","created_at":"2023-03-13T11:56:28Z","origin_country":"us","owner_id":"1000331003","project_id":"3b42da55-6f87-4553-acfc-c7ee611d8468","size":0,"usage":{"last_update_time":1678708588766,"last_updated_at":"2023-03-13T11:56:28Z"}},"entity":{"job":{"asset_ref_type":"data_intg_flow","configuration":{"env_variables":[],"flow_limits":{"warn_limit":100},"env_type":""},"last_run_initiator":"deprecated field","last_run_time":"deprecated field","last_run_status":"deprecated field","last_run_status_timestamp":0,"future_scheduled_runs":[],"enable_notifications":true,"project_name":"DataStage Demo - Sathya","asset_ref":"e6a2b5e6-08e1-4640-a88e-ffbce57b5950","parameter_sets":[],"schedule_id":"","schedule_creator_id":""}}}