{"metadata":{"asset_id":"ec8ccebf-3caa-4c90-ba7f-0dfe2c1761b8","asset_attributes":["job"],"name":"Flow-for-DB2-with-Subflow.DataStage job","asset_type":"job","created_at":"2023-03-13T13:09:01Z","origin_country":"us","owner_id":"1000331003","project_id":"3b42da55-6f87-4553-acfc-c7ee611d8468","size":0,"usage":{"last_update_time":1678712941312,"last_updated_at":"2023-03-13T13:09:01Z"}},"entity":{"job":{"asset_ref_type":"data_intg_flow","configuration":{"env_variables":[],"flow_limits":{"warn_limit":100},"env_type":""},"last_run_initiator":"deprecated field","last_run_time":"deprecated field","last_run_status":"deprecated field","last_run_status_timestamp":0,"future_scheduled_runs":[],"enable_notifications":true,"project_name":"DataStage Demo - Sathya","asset_ref":"e7fb718b-758d-46c3-8a49-b16a8388e135","parameter_sets":[],"schedule_id":"","schedule_creator_id":""}}}